Stars,Position,Name,Class,Ht,Wt,Previous School,New School
2.0,SG,Fletcher Abee,RS SO,6-3,195,The Citadel,UNC Asheville
2.0,PF,Riley Abercrombie,RS JR,6-9,220,Rice,Northern Colorado
2.0,PF,Micaiah Abii,SO,6-7,250,Liberty,Dallas Baptist
2.0,PG,Henry Abraham,RS FR,6-0,175,Eastern Illinois,Coastal Carolina
2.0,PF,Linton Acliese III,RS SR,6-6,235,San Francisco State,Eastern Washington
2.0,SG,Kani Acree,RS JR,6-6,185,Ball State,Roosevelt University
2.0,PG,Tyson Acuff,RS FR,6-4,190,Duquesne,Eastern Michigan
3.0,SF,Isaiah Adams,RS FR,6-6,210,UCF,Buffalo
2.0,SG,Quadry Adams,SO,6-4,190,St. Bonaventure,Sacramento State
2.0,SG,Quincy Ademokoya,RS FR,6-6,185,Temple,Kennesaw State
2.0,SG,Chibuzo Agbo,RS FR,6-7,220,Texas Tech,Boise State
4.0,SF,Max Agbonkpolo,RS SO,6-9,195,USC,Wyoming
2.0,SG,Christian Agnew,SR,6-2,182,UTEP,Southeastern Louisiana
2.0,SF,Ajang Aguek,JR,6-7,195,Northern Arizona,Lander
2.0,PF,Akot Aguer,SO,6-8,-,Mississippi Valley State,Concord
2.0,PG,Nico Aguirre,RSSR,6-0,179,Southwest Baptist,Southern Miss
2.0,SG,Akrum Ahemed,RS SO,6-3,190,Canisius,UNCG
4.0,SF,Justin Ahrens,SR,6-6,195,Ohio State,Loyola Marymount
2.0,SF,"Kim Aiken, Jr.",RSSR,6-7,215,Arizona,New Mexico State
2.0,C,Fardaws Aimaq,RS JR,-11,245,Utah Valley,Texas Tech
2.0,SF,Nana Akenten,RSSR,6-6,215,Southeast Missouri State,Mercer
2.0,SF,Bradley Akhile,SR,6-7,200,Incarnate Word,Oklahoma Baptist
2.0,PF,Daniel Akin,RSSR,6-9,225,California Baptist,Utah State
2.0,PF,Mayowa Akinsanya,RSSR,6-7,220,Maryland Eastern Shore,Cal Poly Pomona
2.0,PF,Kaodirichi Akobundu-Ehiogu,RS JR,6-9,202,UT Arlington,Memphis
4.0,PF,Akok Akok,RS JR,-10,205,Connecticut,Georgetown
4.7,SG,Emmanuel Akot,RSSR,6-8,215,Boise State,Western Kentucky
2.0,C,Jonathan Aku,RS SO,-10,263,Stephen F. Austin,Grambling State
2.0,C,Theo Akwuba,SR,-11,225,Louisiana,Ole Miss
2.0,SF,Josh Aldrich,SR,6-7,200,USC Upstate,Charlotte
2.0,PG,Quest Aldridge,RS SO,6-4,185,Belmont Abbey,Gardner–Webb
2.0,SG,Jonathan Alexandre,SO,6-6,185,Oral Roberts,Mid-America Christian University
2.0,SF,Ali Ali,RS SO,6-8,205,Akron,Butler
2.0,PG,Fah'mir Ali,RS FR,-10,180,College of Charleston,Delaware State
4.0,SG,Dontaie Allen,RS SO,6-6,210,Kentucky,Western Kentucky
3.7,SG,Thomas Allen,RSSR,6-1,180,NC State,Ball State
2.0,SG,DeSean Allen-Eikens,RS JR,6-6,215,New Orleans,Cal State Northridge
2.0,PF,Barlow Alleruzzo,SR,6-9,230,Eastern Illinois,Angelo State
3.0,SG,Nahiem Alleyne,RS SO,6-4,195,Virginia Tech,Connecticut
2.0,PF,Josiah Allick,RS SO,6-8,240,Kansas City,New Mexico
2.0,PF,Philip Alston,RS SO,6-6,225,California (PA),Loyola Chicago
2.0,PG,Logan Alters,JR,6-1,185,California,Cal State Northridge
2.0,SG,Sedrick Altman,JR,6-3,185,Rider,Cal State San Bernardino
2.0,C,Max Amadasun,RS FR,-10,250,Pittsburgh,St. Bonaventure
2.0,PG,Isaiah Amato,SO,6-5,185,Eastern Washington,Arizona Western College
4.0,PF,Keon Ambrose-Hylton,RS FR,6-8,215,Alabama,SMU
2.0,C,Jackson Ames,SO,-11,255,Miami (OH),Marian University
2.0,SG,Kellen Amos,RS FR,6-7,190,Binghamton,Central Connecticut State
2.0,SF,Alex Anderson,RS FR,6-6,185,South Alabama,Alabama State
2.0,PG,Andrew Anderson,SO,6-0,160,South Alabama,Copiah–Lincoln Community College
2.0,SG,Boogie Anderson,SR,6-4,200,South Dakota,Southeastern Louisiana
4.0,SF,Damezi Anderson,RS JR,6-7,230,Loyola Chicago,Detroit Mercy
3.0,PG,Ethan Anderson,RS SO,6-1,210,USC,Wyoming
2.0,PG,Justin Anderson,JR,6-3,170,Bloomsburg,NJIT
2.0,SG,Quincy Anderson,RS JR,6-4,205,Minnesota State,Murray State
2.0,PG,Travis Anderson,RS JR,6-0,175,Charleston Southern,Auburn–Montgomery
2.0,PG,Tre Anderson,SR,6-1,185,Idaho,UIC
2.0,C,Eduardo Andre,RS FR,-11,236,Nebraska,Fresno State
2.0,PG,Marko Andric,SO,6-2,180,Little Rock,Southeastern Community College
2.0,SG,Alexis Angeles,SR,6-2,185,Portland State,Bushnell University
4.0,C,Frank Anselem,RS FR,-10,215,Syracuse,Georgia
2.0,PF,Emmanuel Ansong,SR,6-4,195,Green Bay,Vanderbilt
5.0,SG,Bryan Antoine,RS SO,6-5,180,Villanova,Radford
2.0,PG,Tyree Appleby,RSSR,6-1,165,Florida,Wake Forest
3.0,SF,Alden Applewhite,RS FR,6-7,205,Mississippi State,Portland
2.0,PG,Ty Archibald,RS SO,6-0,181,Southern Arkansas,Tarleton State
3.0,SG,Robbie Armbrester,RS FR,6-4,220,Houston,Stephen F. Austin
2.0,SG,Dylan Arnette,RS JR,6-3,188,Western New Mexico,Arkansas State
2.0,SG,Caleb Asberry,RS JR,6-3,165,Texas State,Oklahoma State
2.0,PG,Austin Ash,RSSR,6-3,180,Iowa,The Citadel
5.0,PG,Devin Askew,RS FR,6-3,198,Texas,California
2.0,SG,Ata Atsuren,FR,6-3,192,Drexel,Salem
2.0,SG,Hegel Augustin,RSSR,6-3,205,Central Connecticut State,Prairie View A&M
2.0,SG,Leon Ayers III,SR,6-5,185,Duquesne,Bowling Green
2.0,SF,Ileri Ayo-Faleye,RS FR,6-8,210,Rhode Island,Vermont
2.0,C,Victor Baffuto,RSSR,-10,227,Mercer,Louisiana–Monroe
4.0,PG,"Victor Bailey, Jr.",RSSR,6-4,182,Tennessee,George Mason
2.0,SG,Chandler Baker,RS FR,6-5,185,Belmont Abbey,Colgate
2.0,PG,DeVon Baker,SR,6-2,190,Tulane,Ohio
2.0,SF,Jaxson Baker,RS JR,6-8,200,Central Arkansas,New Hampshire
4.5,SF,Joey Baker,SR,6-7,205,Duke,Michigan
2.0,PG,Josh Baker,RS SO,6-4,175,UNLV,GCU
2.0,SG,Myles Baker,JR,6-4,190,Eastern Illinois,Virginia State
2.0,PF,Tyrone Baker,RS FR,6-9,205,Georgia,Dayton
2.0,SF,Chad Baker-Mazara,SO,6-7,190,San Diego State,Northwest Florida State College
2.0,PF,Xavier Ball,RS SO,6-7,230,Lamar,North Carolina Central
2.0,SG,Junior Ballard,SR,6-3,185,Fresno State,Weber State
2.0,C,Quincy Ballard,RS FR,7-0,244,Florida State,Wichita State
2.0,PF,Tariq Balogun,RS SO,-10,240,Eastern Kentucky,Binghamton
3.5,SG,Joe Bamisile,RS FR,6-4,194,George Washington,Oklahoma
2.0,C,Aziz Bandaogo,RS FR,7-0,215,Akron,Utah Valley
2.0,SG,Emmanuel Bandoumel,SR,6-4,180,SMU,Nebraska
2.0,SG,Marcus Banks,RS FR,6-4,180,Western Carolina,Odessa College
2.0,SF,Rob Banks,RS SO,6-5,190,Cincinnati,Texas A&M–Commerce
2.0,PG,Daryl Banks III,RS SO,6-3,165,Saint Peter's,St. Bonaventure
3.0,PF,Michael Barber,RS JR,6-8,212,Alabama State,Mississippi Valley State
3.0,SG,Israel Barnes,RS JR,6-4,185,Newman,Southeast Missouri State
2.0,PG,Keeshawn Barthelemy,RS SO,6-2,175,Colorado,Oregon
2.0,PF,Grant Basile,RS JR,6-9,235,Wright State,Virginia Tech
2.0,PF,Lathaniel Bastian,RS JR,6-8,220,Angelo State,Cal State Fullerton
2.0,SG,Keyyaun Batchman,JR,6-2,200,Lindenwood,Xavier University of Louisiana
2.0,PF,Caleb Bates,SO,6-7,230,UMass Lowell,Henry Ford College
5.0,SF,Emoni Bates,RS FR,6-9,190,Memphis,Eastern Michigan
3.0,C,Manny Bates,RS JR,-11,240,NC State,Butler
4.0,PF,Riley Battin,SR,6-9,240,Utah,California Baptist
2.0,SG,Malik Battle,JR,6-3,170,Charleston Southern,Coppin State
2.0,SF,Noah Baumann,RSSR,6-6,210,Georgia,GCU
4.0,PF,Gavin Baxter,RS JR,6-9,224,Brigham Young,Utah
2.0,SF,Bryce Beamer,RS JR,6-6,225,Binghamton,Francis Marion
3.0,PG,Darius Beane,RS JR,6-3,175,Cal State Northridge,Lindenwood
3.0,PG,Tyler Beard,RS FR,6-2,180,Georgetown,Pacific
3.0,PG,Robby Beasley III,RS FR,6-3,190,Montana,UC Davis
2.0,C,Jalil Beaubrun,RS FR,6-9,255,Southwest Baptist,Stephen F. Austin
2.0,SG,Craig Beaudion II,RSSR,6-3,180,Cleveland State,UMBC
2.0,SG,Eric Beckett,JR,6-4,225,Vermont,Simon Fraser
2.0,PF,Ben Beeker,JR,6-9,225,Furman,Carson–Newman
2.0,PG,Mike Bekelja,RS FR,6-1,180,Duquesne,Kent State
2.0,PF,Braden Bell,SR,6-7,190,Marist,Prairie View A&M
2.0,SG,Xavier Bell,RS FR,6-3,193,Drexel,Wichita State
2.0,C,Javarzia Belton,SO,-10,275,Southern Miss,Coffeyville Community College
2.0,SG,Myles Belyeu,SR,6-4,211,Southern Indiana,Davenport
2.0,SF,Josh Berenbaum,SO,6-8,225,North Florida,Cal Poly Humboldt
2.0,PF,Cole Bergan,RS JR,6-8,215,Northern State,Stonehill
2.0,PG,Jamie Bergens,RS FR,6-2,185,Oral Roberts,Drexel
2.0,PG,T.J. Berger,RS FR,6-4,185,San Diego,Lafayette
2.0,SG,Oscar Berry,RS FR,6-4,190,Fairleigh Dickinson,North Florida
2.0,PG,Tres Berry,RS FR,6-4,183,Rhode Island,Charleston Southern
2.0,SG,Tyler Bertram,RS JR,6-3,170,Binghamton,UAB
2.0,PG,Sam Beskind,RS JR,6-4,190,Stanford,Colorado School of Mines
2.0,SG,Zion Bethea,RS FR,6-4,205,Hofstra,St. Francis Brooklyn
2.0,PG,Allen Betrand,RS JR,6-5,200,Rhode Island,Rider
2.0,PG,Brandon Betson,RS SO,6-1,180,Chicago State,Tulsa
2.0,SG,Isaiah Bigelow,RS JR,6-7,200,Wofford,Richmond
3.0,PF,Jalin Billingsley,RS FR,6-8,225,Georgetown,Eastern Michigan
4.0,SG,Dahmir Bishop,RS SO,6-5,190,Saint Joseph's,Florida Gulf Coast
2.0,PG,Bailon Black,RS FR,6-4,175,Northern Colorado,Eastern Arizona College
2.0,SG,Ja'Monta Black,RS SO,6-4,202,Missouri State,Northwestern State
2.0,SG,Roshaun Black,JR,6-5,195,Radford,Pittsburg State
2.0,SG,Jalen Blackmon,RS FR,6-3,180,GCU,Stetson
2.0,PG,Jamari Blackmon,RS JR,6-0,185,North Alabama,Louisiana–Monroe
2.0,PG,Bernie Blunt,FR,6-0,175,Quinnipiac,Harcum College
2.0,PF,Nelson Boachie-Yiadom,SR,6-8,216,Davidson,Hofstra
2.0,PG,Rashad Bolden,RS FR,6-0,172,Southern Miss,McNeese
2.0,PG,Trey Bonham,RS FR,6-0,170,VMI,Florida
2.0,SF,Keylan Boone,RS SO,6-8,200,Oklahoma State,Pacific
2.0,PF,Caden Boser,SO,6-8,200,Kansas City,Valdosta State
2.0,SF,Benjamin Bosmans-Verdonk,RS SO,6-8,235,Illinois,South Carolina
2.0,PG,Dionte Bostick,RS FR,6-2,190,Murray State,Cal State Northridge
2.0,PG,Dante Bouchard,RS FR,-11,165,Mount St. Mary's,Eckerd
2.0,PG,Souley Boum,RSSR,6-3,160,UTEP,Xavier
2.0,C,Alaaeddine Boutayeb,RS FR,7-2,226,Florida State,Arkansas State
2.0,SG,Ben Bowen,RS FR,6-5,170,Wyoming,Denver
4.0,PG,Lorne Bowman,RS FR,6-2,210,Wisconsin,Oakland
2.0,C,Darius Bowser,SR,6-9,230,Charleston Southern,Houston
2.0,PG,Tyree Boykin,RSSR,6-1,190,Union,Appalachian State
2.0,PG,Troy Boynton,RS FR,6-4,175,Evansville,South Carolina
2.0,PF,Logan Bracamonte,SO,6-5,210,Incarnate Word,Colorado Colorado Springs
4.0,C,Davion Bradford,RS FR,7-0,270,Kansas State,Wake Forest
2.0,SG,Johnny Braggs,FR,6-3,200,Montana,College of Southern Nevada
2.0,SG,Sherman Brashear,RS FR,6-5,180,Western Kentucky,Texas–Rio Grande Valley
2.0,PF,Connor Braun,RS SO,6-9,205,Northeastern,Wheaton College
3.0,SF,Trevon Brazile,FR,-10,200,Missouri,Arkansas
2.0,SG,Ledarrius Brewer,RSSR,6-5,190,ETSU,UAB
2.0,PG,Tevin Brewer,RSSR,5-8,160,Florida International,Duquesne
2.0,SF,Ty Brewer,SR,6-7,200,ETSU,UAB
4.0,SF,Jalen Bridges,RS SO,6-7,225,West Virginia,Baylor
2.0,PF,Jerroda Briscoe,SR,6-8,168,Prairie View A&M,Georgia Southwestern
2.0,SG,"Wayne Bristol, Jr.",RS SO,6-6,195,Howard,Georgetown
2.0,SG,Hayden Brittingham,SO,6-5,209,UT Arlington,Coffeyville Community College
2.0,PG,Trae Broadnax,RS FR,6-4,200,Navy,USC Upstate
2.0,SF,Isaiah Broady,FR,6-7,175,Jacksonville,Scottsdale Community College
2.0,SG,Alex Brodsky,RSSR,6-5,200,Binghamton,Alliance
4.0,PF,Keion Brooks,RS SO,6-7,205,Kentucky,Washington
3.0,PG,Anton Brookshire,RS FR,6-1,175,Missouri,Iona
2.0,PF,Johni Broome,RS FR,-10,235,Morehead State,Auburn
2.0,SG,Brandon Brown,RS SO,6-5,190,Arkansas–Pine Bluff,Wagner
2.0,PF,Bryce Brown,RS JR,6-8,220,Tarleton State,UNC Pembroke
2.0,PF,Hayden Brown,RSSR,6-5,225,The Citadel,South Carolina
2.0,PG,Jomaru Brown,RS JR,6-2,190,Eastern Kentucky,Coastal Carolina
2.0,SF,Judah Brown,RS FR,6-6,225,Saint Mary's,South Alabama
2.0,PG,Kyree Brown,RS SO,6-0,170,Seattle,New Hampshire
2.0,SG,Linton Brown,RS SO,6-5,210,St. Bonaventure,Coastal Carolina
2.0,PG,Luke Brown,RS FR,6-1,165,Ball State,Stetson
2.0,PG,RaQuan Brown,JR,6-3,200,UNC Asheville,South Carolina State
2.0,PF,Reece Brown,RS FR,6-9,200,UNLV,Howard
3.0,PF,Robert Brown,RSSR,6-8,240,Iona,Texas Wesleyan University
3.0,SF,Rod Brown,RSSR,6-7,202,Jacksonville,Tarleton State
2.0,PG,Shandon Brown,SR,-10,190,Niagara,Franklin Pierce
2.0,PG,Tre Brown,RSSR,6-1,175,Drexel,Old Dominion
2.0,PG,Darius Brown II,SR,6-2,195,Cal State Northridge,Montana State
2.0,PG,Freddy Brown III,RS JR,6-2,180,Montana,Central Washington
2.0,SG,Rob Brown III,FR,6-4,185,Niagara,Butler Community College
3.5,PF,Mikeal Brown-Jones,RS FR,6-8,220,VCU,UNCG
2.0,PG,Tommy Bruner,RS SO,6-1,180,Jacksonville,Denver
2.0,SG,Paul Bruns,RS FR,6-4,190,North Dakota,South Dakota
3.5,SF,Keyshawn Bryant,RS JR,6-6,190,South Carolina,South Florida
2.0,PF,Ante Brzovic,RS FR,-10,230,Southeastern Oklahoma State,College of Charleston
2.0,PG,Darius Burford,RS FR,6-0,166,Elon,Illinois State
2.0,SG,Jordan Burge,RS JR,6-4,193,Toledo,Lake Erie
2.0,PG,Caleb Burgess,JR,6-3,185,Hofstra,UNC Asheville
4.0,C,D.J. Burns,RS JR,6-9,275,Winthrop,NC State
2.0,PG,Kenny Burns,SO,6-2,169,Kennesaw State,Polk State College
2.0,PF,Cam Burrell,RS JR,6-7,180,Western Illinois,Lindenwood
2.0,PG,Braelon Bush,SO,5-6,155,McNeese,Navarro College
2.0,PG,Aquarn Butler,RS JR,-10,170,New Mexico State,Prairie View A&M
2.0,PG,Zane Butler,SO,-11,165,SIUE,Navarro College
2.0,PG,"LaQuan Butler, Jr.",SR,6-0,170,Texas–Rio Grande Valley,Ouachita Baptist
2.0,PF,Shavaul Butters,RS FR,6-8,210,Texas–Rio Grande Valley,Northwestern Oklahoma State
2.0,C,Gedeon Buzangu,SR,6-8,230,Idaho State,Albany State
2.0,PG,Jaden Byers,FR,6-2,165,Pacific,Midland College
2.0,PG,Caleb Byrd,SO,6-1,160,Jacksonville State,Eastern Florida State College
2.0,PG,Hakim Byrd,SO,-10,155,UMBC,Jefferson
2.0,PF,Furaha Cadeaux de Dieu,JR,6-8,220,Abilene Christian,Arkansas–Fort Smith
2.0,PG,Malachy Caffrey,SO,6-1,170,Pepperdine,Green River College
2.0,SG,Joey Calcaterra,RSSR,6-3,180,San Diego,Connecticut
3.0,PG,Alex Caldwell,SR,6-0,161,North Carolina Central,UNC Asheville
2.0,SG,Sardaar Calhoun,RS JR,6-6,210,Texas Tech,Drake
2.0,SG,Devan Cambridge,RS SO,6-6,215,Auburn,Arizona State
2.0,SG,"Desmond Cambridge, Jr.",RSSR,6-4,180,Nevada,Arizona State
4.0,SF,John Camden,RS FR,6-8,215,Memphis,Virginia Tech
2.0,SG,Tahj Campbell,JR,6-5,210,Morgan State,Columbia College
2.0,SG,Tyree Campbell,SO,6-5,192,California Baptist,Cal State East Bay
2.0,SG,Kyle Cardaci,RS JR,6-2,190,Coppin State,Saint Peter's
4.0,SG,"Wesley Cardet, Jr.",RS FR,6-6,204,Samford,Chicago State
2.0,PG,Don Carey,RSSR,6-5,187,Georgetown,Maryland
4.0,PF,Ben Carlson,RS FR,6-9,235,Wisconsin,Utah
2.0,PF,James Carlson,RS JR,6-9,215,Idaho State,Corban University
2.0,SG,Aidan Carpenter,RS FR,6-5,190,Siena,Sacred Heart
2.0,PF,Robert Carpenter,JR,6-7,210,Mississippi Valley State,Kent State
2.0,PF,Andrew Carr,RS FR,-10,220,Delaware,Wake Forest
2.0,SG,Rodney Carson,JR,6-3,180,New Orleans,Texas–Permian Basin
3.0,PG,Cam Carter,RS FR,6-3,185,Mississippi State,Kansas State
2.0,SG,Devin Carter,RS FR,6-3,195,South Carolina,Providence
2.0,PF,Noah Carter,RS SO,6-6,235,Northern Iowa,Missouri
2.0,SG,P.J. Carter,SO,6-5,175,Campbell,Georgia Highlands College
2.0,SF,Derrick Carter-Hollinger,RS SO,6-5,215,Montana,Bethune–Cookman
2.0,PF,Patrick Cartier,RS JR,6-8,220,Hillsdale,Colorado State
2.0,SG,Matteus Case,RS FR,6-5,196,Providence,William & Mary
2.0,SF,Kale Catchings,SR,6-6,220,Harvard,Duke
2.0,SF,Samkelo Cele,SR,6-5,210,Marist,University of Science and Arts of Oklahoma
2.0,PG,Christian Cevis,FR,6-1,185,Fairfield,Adelphi
2.0,PG,Trent Champagne,JR,6-3,180,Lindenwood,Millikin University
2.0,SF,Luke Champion,RS FR,6-8,205,Missouri Western,Arizona
2.0,SF,Jack Chapman,FR,6-7,195,Kansas City,Central Missouri
2.0,PF,Sy Chatman,RS JR,6-8,230,Illinois State,Buffalo
4.3,SF,Taeshon Cherry,SR,6-8,210,GCU,Marian University
2.0,SF,Joshua Chesney,RS FR,6-5,190,Merrimack,St. Edward's
2.0,PG,Luke Chicone,FR,-10,170,Youngstown State,John Carroll University
2.0,PG,Chris Childs,SR,6-2,180,Bryant,Lindenwood
2.0,SG,Tyler Chisom,SR,6-4,190,South Dakota,Prairie View A&M
2.0,PF,Robert Chougkaz,JR,6-9,195,Northwestern State,Harding
2.0,C,Tanner Christensen,SO,-10,260,Idaho,Utah Tech
2.0,SF,Tredyn Christensen,RS SO,6-6,225,Chaminade,Brigham Young
2.0,SF,Ryan Claflin,SO,6-6,195,Green Bay,Palm Beach Atlantic
2.0,PG,E.J. Clark,RSSR,-11,165,Alabama State,George Washington
3.0,SG,Jack Clark,RS JR,6-8,200,La Salle,NC State
2.0,SG,Jalon Clark,SR,6-5,230,Prairie View A&M,North American University
2.0,PG,Kareem Clark,SR,6-3,175,Alabama State,Cal Poly Humboldt
3.0,SF,Kobe Clark,RS FR,6-6,180,Georgetown,Southeast Missouri State
2.0,PG,Aaron Clarke,SR,6-1,185,Sacred Heart,Stony Brook
2.0,C,Hugo Clarkin,SO,7-0,200,Sacramento State,Bossier Parish Community College
2.0,PF,Tyzhaun Claude,RS SO,6-8,240,Morehead State,Western Carolina
2.0,PG,Junior Clay,SR,6-0,170,Tennessee Tech,Tennessee State
2.0,PG,Dejuan Clayton,RS SR,6-2,190,Hartford,California
2.0,SG,Malcolm Clements,RS FR,6-3,170,Eastern Michigan,Henry Ford College
2.0,PG,Jalen Cobb,SR,6-1,175,Fordham,Mercer
2.0,PG,Tyler Cochran,RS SO,6-2,220,Ball State,Toledo
2.0,SG,Brad Colbert,RS FR,6-2,185,Louisville,Xavier
4.0,C,Jerrell Colbert,RS FR,-10,216,LSU,Kansas State
3.0,SG,Jarron Coleman,RS JR,6-5,210,Missouri,Ball State
2.0,C,Jeriah Coleman,SO,7-0,220,St. Francis (PA),Clarendon College
3.0,SF,Kaleb Coleman,JR,6-7,215,Lipscomb,Elizabeth City State
2.0,C,Kendal Coleman,SO,6-8,230,Northwestern State,LSU
2.0,SF,Lance Coleman,RSSR,6-6,205,Cal State Northridge,Concordia Irvine
3.0,SG,Marvin Coleman II,SR,6-3,200,UNLV,Evansville
4.0,PF,Noah Collier,RS FR,6-8,220,Pittsburgh,William & Mary
2.0,SG,Devin Collins,RS SO,6-8,200,Marshall,University of Pikeville
4.0,PG,Frankie Collins,RS FR,6-1,185,Michigan,Arizona State
2.0,PG,Maurice Commander,SR,6-0,175,UIC,LIU
2.0,PF,Bailey Conrad,SO,6-7,230,Western Kentucky,The Citadel
2.0,PG,Ryan Conway,RS FR,6-1,190,Seton Hall,Towson
2.0,PG,Chase Cook,RS FR,-10,165,Robert Morris,Allen
2.0,SG,Jarius Cook,RS JR,6-3,185,North Dakota State,Jacksonville
2.0,SG,Jarren Cook,SO,6-4,205,Sam Houston State,Tyler Junior College
2.0,SG,Preston Cook,SR,6-4,205,Auburn,Drury
2.0,SG,Tasos Cook,FR,6-2,180,Stetson,Vincennes University
2.0,PG,Anthony Cooper,SR,6-2,155,Caldwell,Marist
2.0,SG,Marquez Cooper,RSSR,6-4,195,Bluefield State,New Orleans
2.0,PG,Ta'Lon Cooper,RS SO,6-4,190,Morehead State,Minnesota
2.0,PF,Tyree Corbett,SR,6-7,200,Coppin State,Denver
3.0,SG,Josh Corbin,RS SO,6-3,190,Winthrop,Robert Morris
2.0,PF,Anjay Cortez,SO,6-8,185,Alabama A&M,San Diego City College
2.0,PG,Virshon Cotton,RSSR,6-2,170,New Mexico State,Grambling State
4.0,PF,Isaiah Cottrell,RS FR,-10,245,West Virginia,UNLV
2.0,SG,Jermaine Couisnard,RS JR,6-4,210,South Carolina,Oregon
3.0,PF,Abdoul Karim Coulibaly,RS SO,6-9,235,St. Bonaventure,UMass Lowell
3.0,C,Boubacar Coulibaly,RS FR,-10,215,USC,Pepperdine
3.0,SG,Ricky Council IV,RS FR,6-6,205,Wichita State,Arkansas
2.0,PG,Khristion Courseault,RS JR,6-2,180,Houston Christian,Chattanooga
2.0,PG,Yuri Covington,RS FR,6-1,192,William & Mary,UMass Lowell
2.0,PF,Isaiah Cozart,RS SO,6-7,240,Western Kentucky,Eastern Kentucky
2.0,SF,Kvonn Cramer,RS SO,6-6,205,Hofstra,Bryant
2.0,SG,Jacob Crews,SO,6-7,200,North Florida,Daytona State College
2.3,PG,Pierre Crockrell II,RS SO,6-0,175,Pacific,UC Irvine
2.0,PG,Jackson Cronin,RS FR,6-1,187,Nebraska,Massachusetts
4.0,PF,Matt Cross,RS FR,6-7,225,Louisville,Massachusetts
4.0,PG,Austin Crowley,RS SO,6-5,195,Ole Miss,Southern Miss
2.0,PG,Nelly Cummings,RSSR,6-0,190,Colgate,Pittsburgh
2.0,SG,Kam'Ron Cunningham,RS JR,6-7,205,Fordham,Coppin State
4.0,PG,Andre Curbelo,RS FR,6-1,175,Illinois,St. John's
2.0,PG,Kamdyn Curfman,RS SO,6-1,186,VMI,Marshall
2.0,C,Mihai Carcoana,RS FR,-11,240,Toledo,South Dakota
2.0,PG,Deven Dahlke,RS FR,6-2,190,Drake,San Diego
4.0,PF,Dain Dainja,RS FR,6-9,270,Baylor,Illinois
2.0,SG,E.J. Dambreville,SR,6-3,200,Manhattan,Florida Southern
3.0,PG,Peyton Daniels,RS FR,6-2,185,Stephen F. Austin,Jacksonville State
3.0,PG,Peyton Daniels,RS FR,6-2,185,Vanderbilt,Stephen F. Austin
2.0,PG,Keishawn Davidson,RS SO,6-2,175,Tennessee Tech,Belmont
2.0,SG,Amari Davis,RS SO,6-2,175,Missouri,Wright State
2.0,PG,Brent Davis,RS FR,6-3,190,The Citadel,Chicago State
2.0,SG,Christian Davis,RS FR,6-7,190,Le Moyne,Bradley
2.0,SG,Dashawn Davis,RS SO,6-2,180,Oregon State,Mississippi State
4.0,SG,Dre Davis,RS FR,6-6,212,Louisville,Seton Hall
2.0,PG,Elijah Davis,FR,6-0,175,Mississippi Valley State,Walters State Community College
3.0,PF,Javian Davis,RS JR,6-9,265,Mississippi State,UAB
2.0,PF,Jemal Davis,SO,6-9,200,South Carolina State,Florida SouthWestern State College
4.0,PG,Kendric Davis,RS JR,6-0,180,SMU,Memphis
2.0,SF,Kyndall Davis,SO,6-5,200,LIU,Panola College
2.0,SG,Matt Davis,FR,6-6,170,Charleston Southern,Laramie County Community College
2.0,SG,Tyreese Davis,RS JR,6-6,210,Jacksonville,Eastern Washington
4.0,PG,Al-Amir Dawes,RS SO,6-2,180,Clemson,Seton Hall
2.0,PG,Paris Dawson,RS FR,6-2,170,Portland State,Seattle
2.0,PG,Antonio Daye,RS JR,6-2,205,Fordham,Coastal Carolina
2.0,PG,Michael DePersia,JR,-11,175,IUPUI,Le Moyne
2.0,PG,Duke Deen,RS FR,5-8,160,Troy,Bradley
4.0,SF,Jaiden Delaire,SR,6-9,215,Stanford,San Diego
2.0,C,Sekou Dembele,RS JR,6-7,230,Southern Illinois,Fort Lewis
2.0,SG,Dexter Dennis,SR,6-5,210,Wichita State,Texas A&M
2.0,PG,Nazim Derry,RS JR,6-2,160,Goldey–Beacom,New Hampshire
2.0,PG,Sherwyn Devonish,SR,6-1,192,Morgan State,Rogers State
4.0,SG,Shane Dezonie,RS FR,6-5,215,Vanderbilt,Temple
2.0,PG,Michael DiGiulio,RS FR,6-0,170,Kent State,Canisius
2.0,SG,Mohamed Diallo,SR,6-7,210,Stony Brook,UT Tyler
4.0,PG,Hassan Diarra,RS FR,6-2,190,Texas A&M,Connecticut
2.0,SG,Ali Abdou Dibba,RS FR,6-4,185,Chicago State,Abilene Christian
2.0,PG,Ebrima Dibba,RS JR,6-6,202,Coastal Carolina,South Carolina
2.0,SG,Quentin Diboundje,RS FR,6-5,217,Tennessee,East Carolina
2.0,PF,Kobe Dickson,SR,6-9,235,Cornell,Howard
2.0,C,AD Diedhiou,RS SO,-11,262,UAB,Louisiana–Monroe
4.0,PG,Rahsool Diggins,RS FR,6-2,175,Connecticut,Massachusetts
2.0,PG,Eze Dike,SR,6-3,190,Yale,Eastern New Mexico
2.0,PG,Josh Dilling,SO,6-4,190,Queens (NC),Northern State
3.0,SG,"Keith Dinwiddie, Jr.",RS FR,6-0,185,San Diego State,Weber State
2.0,C,Assane Diouf,RS JR,7-2,250,Austin Peay,Davenport
2.0,PF,Julius Dixon,JR,6-7,202,Morehead State,Missouri Western
2.0,C,Lewis Djonkam,RSSR,6-9,245,Radford,Morgan State
3.0,PG,Drake Dobbs,SO,6-2,180,Liberty,St. Thomas
2.0,PG,Marcus Dockery,RS FR,6-2,180,Maryland,Howard
2.0,PF,Jarvis Doles,RSSR,6-8,210,Albany,UMBC
2.0,SG,Caleb Donaldson,RS SO,6-4,200,St. Cloud State,Eastern Illinois
2.0,SG,Travonta Doolittle,SR,6-4,179,Arkansas–Pine Bluff,Mid-America Christian University
3.0,SG,Gabe Dorsey,RS FR,6-6,215,Vanderbilt,William & Mary
2.0,PG,Shaun Doss,RSSR,6-5,185,SIUE,Arkansas–Pine Bluff
2.0,PG,Jeremy DowDell,FR,6-2,174,Brigham Young,Westminster
2.0,SF,Dreshaun Doyne,FR,6-8,192,Central Arkansas,Arkansas–Pine Bluff
2.0,SF,Fousseyni Drame,RS SO,6-7,200,Saint Peter's,La Salle
2.0,SF,Hassan Drame,RS SO,6-7,200,Saint Peter's,La Salle
2.0,PG,Lloyer Driggs,RS FR,-11,167,Tarleton State,Chaminade
2.0,PF,"Reginald Duhart, Jr.",RS SO,6-9,210,Appalachian State,Charleston Southern
2.0,PG,Devon Dunn,RS SO,6-1,180,Fairleigh Dickinson,Campbell
2.0,C,Oluwasegun Durosinmi,RS FR,6-9,235,St. Bonaventure,Northern Illinois
3.0,C,Michael Durr,SR,7-0,250,Indiana,UCF
3.5,SF,Sean Durugordon,RS FR,6-5,217,Missouri,Austin Peay
2.0,PG,Deng Dut,RS SO,6-4,192,Wyoming,Southern Utah
2.0,PF,Maj Dusanic,SO,6-7,220,San Francisco,Hawaii Pacific
2.0,SG,Brandon Dwyer,RS FR,6-3,180,La Salle,Florida Gulf Coast
2.0,PG,Freddie Dybala,SO,6-3,190,California Baptist,Concordia Irvine
2.0,PG,Dhashon Dyson,RS SO,6-1,190,St. Augustine's,Bethune–Cookman
2.0,SG,Tyree Eady,RSSR,6-5,215,North Dakota State,North Texas
2.0,PF,Josh Earley,RS SO,6-7,242,Tulsa,Southeast Missouri State
2.0,PG,Grehlon Easter,SR,6-3,180,Cal State Bakersfield,Eastern New Mexico
2.0,PG,Doug Edert,JR,6-2,185,Saint Peter's,Bryant
2.0,PG,Malik Edmead,RS FR,-10,170,Merrimack,Albany
2.0,PF,Jason Edokpayi,SO,6-6,220,Fairfield,New Haven
4.0,SG,Keon Edwards,RS FR,6-8,210,Nebraska,Milwaukee
2.0,SG,Maximus Edwards,RS FR,6-5,220,Kansas State,George Washington
2.0,PG,Nick Edwards,SR,6-1,170,Glenville State,Valparaiso
2.0,SG,Sheldon Edwards,RS FR,6-4,180,Valparaiso,Loyola Chicago
2.0,PF,Tarig Eisa,SR,6-8,210,Lamar,Florida A&M
2.0,PF,Omar El Sheikh,RS JR,6-8,218,Assumption,Arkansas State
2.0,SG,Nicolas Elame,RS SO,6-3,192,UT Arlington,Longwood
2.0,PG,Gavyn Elkamil,RS FR,6-5,190,Tulsa,Southeast Missouri State
2.0,SF,Yousef Elkugia,RS FR,6-7,210,Eastern Washington,Dominican (CA)
2.0,SF,Luka Eller,RS FR,6-7,220,Miami (OH),John Carroll University
2.0,SG,Greg Elliott,RSSR,6-3,180,Marquette,Pittsburgh
2.0,SG,David Elliott IV,FR,6-3,185,Loyola Marymount,Garden City Community College
2.0,SG,Justice Ellison,RS FR,6-4,190,Central Connecticut State,American International
2.0,SG,Emad Elniel,SO,6-7,195,Utah Tech,Concordia St. Paul
2.0,SF,Patrick Emilien,SR,6-7,210,St. Francis Brooklyn,Maryland
2.0,PF,Iyen Enaruna,SR,6-9,210,Evansville,Fort Hays State
4.0,SF,Tristan Enaruna,RS SO,6-8,220,Iowa State,Cleveland State
3.0,C,Victor Enoh,RSSR,6-8,250,Marist,UNCW
2.0,SF,DeAngelo Epps,JR,6-5,200,Hampton,Catawba
2.0,SG,Hunter Erickson,SO,6-3,191,Brigham Young,Salt Lake Community College
2.0,PF,Dane Erikstrup,RS FR,-10,240,Cal Poly Pomona,Eastern Washington
2.0,SF,Aria Eskandari,SR,6-2,185,Cleveland State,Southern Wesleyan
2.0,PG,Daniel Esparza,FR,6-2,180,Cal Poly,Biola
2.0,SG,Bryson Etienne,SR,6-3,190,Texas Southern,Southern
2.0,SG,Akili Evans,FR,6-5,180,Sacramento State,Georgia Highlands College
2.0,PF,Devin Evans,JR,6-9,195,Omaha,USC Aiken
2.0,C,Trace Evans,SO,6-9,250,Kansas City,Seattle Pacific
2.0,PG,Lamont Evans IV,RS FR,6-0,155,South Florida,Saint Louis
4.0,SF,"Che Evans, Jr.",RS FR,6-7,215,San Diego State,UTEP
4.0,SF,"Che Evans, Jr.",RS FR,6-7,215,UTEP,USC Upstate
2.0,SG,Nikita Evdokimov,RS FR,6-5,-,College of Charleston,South Plains College
2.0,C,Kaosi Ezeagu,RS JR,-10,255,Kansas State,Sam Houston State
2.0,PG,Onyebuchi Ezeakudo,SR,6-2,200,Pittsburgh,Radford
2.0,PF,Godsgift Ezedinma,SO,6-7,205,Incarnate Word,East Central
3.0,PF,Bradley Ezewiro,RS FR,6-9,255,LSU,Georgetown
2.0,PF,Kalu Ezikpe,RS JR,6-8,240,Old Dominion,Cincinnati
2.0,SF,Tra'Von Fagan,RSSR,6-7,212,Buffalo,UMBC
2.0,SG,D.J. Fairley,FR,6-2,190,Alabama A&M,Lawson State Community College
2.0,C,Amadou Fall,RS JR,-10,240,Arkansas–Pine Bluff,LIU
2.0,SG,Mario Fantina,SO,6-5,188,Arkansas State,Arkansas–Monticello
4.0,PG,Francisco Farabello,RS SO,6-2,183,TCU,Creighton
3.0,SG,Nick Farrar,RS FR,6-7,230,College of Charleston,UNCW
2.0,PF,Trey Farrer,JR,6-9,235,Utah Valley,Westminster
2.0,PG,Kam Farris,RS FR,6-3,165,Robert Morris,Marist
4.0,C,Will Felton,RS FR,6-9,260,Arizona State,North Carolina A&T
2.0,PG,Quincy Ferebee,RSSR,6-1,175,Portland,Nichols College
2.0,SG,A.J. Ferguson,RS FR,6-6,185,East Central,Southern Illinois
2.0,PF,Borja Fernandez,JR,6-7,230,Montana State,Kentucky Wesleyan
2.0,SG,Nick Ferrarini,SR,6-5,185,Omaha,Wayne State (NE)
2.0,PG,Caleb Fields,RS JR,6-2,185,Bowling Green,Fairfield
2.0,PG,Omar Figueroa,FR,6-0,170,North Alabama,Flagler
2.0,C,Kyler Filewich,RS FR,6-9,250,Southern Illinois,Wofford
2.0,PG,Jalen Finch,SR,6-1,165,Jacksonville State,Georgia Southern
3.0,C,Keenan Fitzmorris,RS JR,7-0,235,Stanford,Stony Brook
2.0,PG,Nick Fleming,SR,6-1,165,Southern Utah,Cal Poly
2.0,SG,"Howard Fleming, Jr.",RS FR,6-5,200,Illinois State,Winthrop
2.0,SG,Ja'Quavian Florence,SO,6-3,200,Charleston Southern,Tallahassee Community College
2.0,PG,Moses Flowers,RS SO,6-3,180,Hartford,St. Bonaventure
4.0,SG,"Corey Floyd, Jr.",RS FR,6-4,210,Connecticut,Providence
2.0,PG,Ahamadou Fofana,SR,6-1,175,Canisius,Maryland Eastern Shore
2.0,C,Michael Folarin,RS FR,-11,210,Eastern Washington,Nevada
2.0,PF,Mason Forbes,SR,6-9,230,Harvard,Saint Mary's
2.0,SG,Chris Ford,RS FR,6-5,200,Davidson,Robert Morris
2.0,PG,Robert Ford III,RS JR,6-0,185,Idaho State,Montana State
2.0,PG,"Ray Ford, Jr.",FR,6-2,188,Fairleigh Dickinson,Lamar State College–Port Arthur
2.0,SG,Jack Forrest,RS SO,6-5,210,Saint Joseph's,Bucknell
4.0,PF,Jake Forrester,SR,6-9,225,Temple,Saint Louis
2.0,PG,Armoni Foster,RSSR,6-4,170,Indiana (PA),Buffalo
2.0,SG,Marco Foster,SO,6-2,180,New Hampshire,Blinn College
5.0,C,Xavier Foster,SO,7-0,230,Iowa State,SMU
2.0,SF,Derek Fountain,RS FR,-10,225,Mississippi State,LSU
2.0,SG,Tajah Fraley,SR,6-5,215,Alcorn State,Cumberland University
4.0,PG,Jeremiah Francis,JR,6-1,205,New Mexico,Emmanuel
4.0,PF,Terren Frank,RS FR,6-8,225,Vanderbilt,Idaho
2.0,SF,Ja'von Franklin,RSSR,6-7,220,South Alabama,Georgia Tech
4.0,PF,Jaden Frazier,RS SO,6-9,215,Chattanooga,Rollins
2.0,SG,Luke Frazier,SO,6-5,170,Ohio,John Carroll University
3.0,C,Mikey Frazier,RS JR,-10,250,Utah Tech,California Baptist
2.0,SG,Otis Frazier III,RS FR,6-6,212,George Mason,UTEP
3.5,PG,Spencer Freedman,SR,6-0,170,Harvard,New York University
3.0,PG,Brayon Freeman,RS FR,6-2,180,George Washington,Rhode Island
2.0,SF,Chris Freeman,RS SR,6-6,190,Jackson State,New Mexico Highlands
3.0,SG,Josiah Freeman,SO,6-3,205,Western Michigan,Howard College
3.0,PG,Mark Freeman,RS SO,-11,165,Illinois State,Morehead State
2.0,SG,Noah Freidel,RS SO,6-4,210,South Dakota State,James Madison
2.0,SF,Drew Friberg,SR,6-7,215,Princeton,Belmont
4.0,SF,Alex Fudge,RS FR,6-9,194,LSU,Florida
2.0,PG,Josiah Fulcher,SO,6-3,180,Bowling Green,Clarendon College
2.0,SG,Caleb Fuller,SR,6-5,210,UC Davis,Montana State
2.0,SG,Dre Fuller,RS JR,6-5,215,UCF,Florida Atlantic
2.0,SG,Xavier Fuller,SR,6-4,170,South Dakota,Northern Arizona
2.0,SG,Andrew Funk,SR,6-5,190,Bucknell,Penn State
3.0,PF,Taylor Funk,RSSR,6-9,220,Saint Joseph's,Utah State
2.0,SG,Jalen Gabbidon,RSSR,6-5,195,Yale,Colorado
2.0,SG,T.J. Gadsden,RS FR,6-7,195,George Mason,Canisius
4.0,PG,Jalen Gaffney,RS SO,6-3,180,Connecticut,Florida Atlantic
4.0,PG,Eric Gaines,RS FR,6-2,165,LSU,UAB
2.0,PF,Jaylan Gainey,SR,-10,220,Brown,Florida State
2.0,SG,Brevin Galloway,RSSR,6-2,215,Boston College,Clemson
2.0,PG,Jackson Gammons,RS SO,6-3,195,The Citadel,Anderson
4.0,PF,Dawson Garcia,RS FR,-11,235,North Carolina,Minnesota
3.0,PF,Jared Garcia,SO,6-8,240,Charlotte,Salt Lake Community College
2.0,SG,Javohn Garcia,SO,6-2,180,Massachusetts,College of the Sequoias
3.0,SG,Andersson Garcia,RS FR,6-7,210,Mississippi State,Texas A&M
2.0,PG,Tommy Gardler,RS FR,6-1,185,University of the Sciences,La Salle
2.0,PF,Patrick Gardner,RSSR,-10,235,Saint Michael's,Marist
2.0,SG,Matt Garry,SR,6-5,190,Connecticut,Endicott College
2.0,PG,Jeffrey Gary,RSSR,6-5,180,Mercer,St. Edward's
3.0,SF,Juwan Gary,RS SO,6-6,219,Alabama,Nebraska
2.0,PG,Steele Gaston-Chapman,RS FR,6-1,185,Wichita State,Hutchinson Community College
2.0,PF,Tuongthach Gatkek,RS FR,6-9,175,Florida,Texas State
2.0,SG,Mareng Gatkuoth,RS SO,6-6,190,Montana State,Tarleton State
2.0,PG,Taelyr Gatlin,SR,6-3,180,Denver,Jackson State
3.0,PF,Legend Geeter,RS FR,6-8,235,Providence,Eastern Michigan
2.0,PG,Jaylon Gentry,JR,5-9,173,South Dakota State,Purdue Northwest
2.0,SG,Jonah Geron,RS JR,6-6,180,Washington,Fresno Pacific
2.0,SG,DeAndre Gholston,SR,6-5,215,Milwaukee,Missouri
2.0,PF,Jaylon Gibson,SO,6-9,210,NC State,Winston-Salem State
2.0,PG,Mason Gibson,RS FR,-11,172,Oakland,Midwestern State
2.0,SF,Miles Gibson,RSSR,6-6,205,Metro State,Binghamton
2.0,SF,Miles Gibson,RSSR,6-6,205,Saint Peter's,Metro State
2.0,PG,Trenton Gibson,SR,6-4,200,Tusculum,Indiana State
2.0,PG,Umoja Gibson,RSSR,6-1,168,Oklahoma,DePaul
2.0,PG,Kezza Giffa,RS FR,6-2,160,UTEP,Daytona State College
2.0,C,Saba Gigiberia,RS FR,7-1,248,Georgia Tech,San Francisco
2.0,PG,Brock Gilbert,SR,-11,170,Utah Tech,Central Washington
2.0,PG,Tyler Gill,FR,-11,170,Towson,Fayetteville State
2.0,PF,Massimo Giorgetti,RS FR,6-9,215,Dominican (CA),New Orleans
2.0,PG,Montre' Gipson,SR,-11,200,Tarleton State,Charlotte
2.0,PG,Shamar Givance,SR,-10,155,Evansville,UTEP
2.0,C,Sasha Glushkov,SO,-11,240,Appalachian State,Southwest Baptist
2.0,PF,Sam Godwin,RS FR,-10,226,Wofford,Oklahoma
3.0,PF,Bryce Golden,SR,6-9,245,Butler,Loyola Chicago
2.0,SG,Tre Gomillion,SR,6-4,210,Cleveland State,Missouri
4.0,SG,Brycen Goodine,RS SO,6-4,180,Providence,Fairfield
2.0,PF,Hunter Goodrick,RS SO,6-7,225,South Dakota,California Baptist
2.0,PF,Antonio Gordon,JR,6-9,215,Southeastern Louisiana,Oklahoma Christian
2.0,SG,D.J. Gordon,RS FR,6-5,175,Fordham,Jacksonville State
3.0,SG,DaJuan Gordon,RS SO,6-3,190,Missouri,New Mexico State
2.0,SG,Devin Gordon,RS FR,6-4,210,Mississippi Valley State,North Carolina Central
2.0,PG,Alexander Gorton,RSSR,6-3,190,Palm Beach Atlantic,Fresno State
2.0,SG,Jeffrey Grace III,RS FR,6-3,195,Arizona State,Nebraska
2.0,SG,Franco 'Pipo' Grafals,JR,6-2,173,Eckerd,Tarleton State
4.0,PF,Jalen Graham,RS SO,6-9,225,Arizona State,Arkansas
3.0,SF,James Graham,RS FR,6-7,215,Maryland,Missouri State
2.0,PF,Michael Graham,RS FR,6-8,221,Elon,Loyola Marymount
2.0,SG,Zeb Graham,JR,6-1,175,Presbyterian,Limestone
2.0,SG,Syl Granda,SO,6-4,195,Seton Hall,Barry
2.0,SG,Jacob Grandison,RSSR,6-6,210,Illinois,Duke
2.0,PF,Colin Granger,RS FR,6-9,230,Ohio,Western Carolina
2.0,PG,Dae Dae Grant,RS SO,6-2,185,Miami (OH),Duquesne
2.0,PG,Javon Grant,RS FR,-11,155,Sam Houston State,Butler Community College
2.0,PG,Qua Grant,RS JR,6-1,190,Wichita State,Sam Houston State
2.0,SG,Will Graves,SR,6-5,185,Gonzaga,Southern Oregon University
2.0,SF,Aaron Gray,RS FR,6-7,215,Southern New Hampshire,Niagara
2.0,PF,Lazar Grbovic,SO,6-8,230,Arkansas State,Moberly Area Community College
2.0,PG,Richie Greaves,SO,6-0,175,UMass Lowell,Tampa
2.0,SG,Jacksen Greco,SO,6-3,185,Mercer,Anderson
2.0,PF,Malek Green,RSSR,6-7,220,Canisius,Youngstown State
2.0,PG,Mike Green,JR,6-1,188,South Carolina,The Citadel
2.0,SG,Quinton Green,RSSR,6-7,185,Cedarville,Valparaiso
3.0,PF,Tristan Green,SR,6-9,220,Denver,Northeastern State
2.0,SG,"Darin Green, Jr.",RS SO,6-5,195,UCF,Florida State
2.0,PF,Chris Greene,RSSR,6-8,225,Cleveland State,Arkansas–Pine Bluff
2.0,PG,Marcus Greene,FR,6-2,190,Sacramento State,Panola College
2.0,SG,Tykei Greene,SR,6-4,205,Stony Brook,Kansas State
4.0,PG,Lynn Greer III,RS FR,6-2,190,Dayton,Saint Joseph's
2.0,SG,Sam Griesel,SR,6-6,220,North Dakota State,Nebraska
4.0,SF,Zion Griffin,RS JR,6-7,215,UIC,Tennessee State
2.0,PF,John Grigsby,SO,6-9,211,Wyoming,Concordia St. Paul
4.0,SG,Sherif Gross-Bullock,RS SO,6-4,215,La Salle,Bryant
2.0,PF,Nick Guadarrama,SR,6-5,250,New Hampshire,Florida International
2.0,PG,Deuce Guidry,SO,5-8,155,Texas State,Lamar State College–Port Arthur
2.0,SG,Evan Guillory,FR,6-4,210,Vermont,Southern New Hampshire
2.0,C,Sebastian Guitian,RS JR,-10,235,South Carolina State,Southern Miss
2.0,PG,Willie Guy,JR,-11,190,North Dakota State,Angelo State
3.0,PF,Felipe Haase,RSSR,6-9,253,Mercer,Southern Miss
2.0,PG,Ismail Habib,FR,6-0,175,Texas–Rio Grande Valley,South Plains College
2.0,SG,Jamarius Hairston,RS JR,6-5,185,Lees–McRae,ETSU
2.0,PG,Jordan Hairston,JR,6-0,160,UNC Asheville,UT Tyler
2.0,SG,Brandon Hall,FR,6-3,191,ETSU,Moberly Area Community College
2.0,SF,D'Marcus Hall,SO,6-5,210,Louisiana–Monroe,Bossier Parish Community College
2.0,PG,Sean Halloran,SR,6-0,160,Belmont Abbey,Elon
2.0,PG,Brad Halvorsen,RS SO,6-1,160,Western Carolina,Virginia–Wise
2.0,PG,Marcus Hammond,SR,6-3,173,Niagara,Notre Dame
3.0,SG,"Greg Hammond, Jr.",JR,6-6,210,UMass Lowell,Southern Arkansas
2.0,PF,A.J. Hamrick,FR,6-9,190,Charleston Southern,Polk State College
2.0,SG,Devon Hancock,RS FR,6-3,188,Milwaukee,Louisiana–Monroe
2.0,PG,Isaac Haney,RS FR,6-2,176,Missouri State,Northwestern State
2.0,SG,Trendon Hankerson,SR,6-2,185,Northern Illinois,Akron
3.0,PG,Trae Hannibal,RS SO,6-2,212,Murray State,LSU
2.0,SG,Maleeck Harden-Hayes,RS SO,6-7,190,North Dakota State,UNCW
2.0,PG,Kyle Harding,RS JR,6-3,185,Fresno State,Prairie View A&M
2.0,SG,Tae Hardy,SR,6-3,191,Southern Miss,UTEP
2.0,PG,E.J. Harkless,SR,6-3,195,Oklahoma,UNLV
3.0,SG,De'Vion Harmon,RS SO,6-2,205,Oregon,Texas Tech
3.5,PG,Ty Harper,RS FR,6-3,175,Louisiana,Eastern Washington
2.0,SF,Brendan Harrick,RS JR,6-6,190,Cal State Northridge,Concordia Irvine
2.0,SG,Armon Harried,RS SO,6-5,205,Canisius,Binghamton
4.0,PG,Anthony Harris,RS SO,6-4,195,North Carolina,Rhode Island
2.0,PG,on 'J.J.' Harris,RS FR,6-3,190,Chicago State,Tallahassee Community College
2.0,PG,Quest Harris,SO,-11,185,Sacred Heart,Post
4.0,PG,Tyler Harris,SR,5-9,150,Memphis,South Florida
2.0,PG,Ahmad Harrison,FR,6-1,190,Fordham,Harcum College
2.0,PG,Kasen Harrison,RS FR,6-2,190,Lamar,Winthrop
2.0,PG,Rayshon Harrison,RS FR,6-4,180,Presbyterian,GCU
2.0,SF,Russell Harrison,RSSR,6-5,182,Louisiana–Monroe,Oklahoma State
2.0,SF,Victor Hart,RS JR,6-8,200,Florida International,Southern Miss
3.0,PG,Jamal Hartwell II,SR,-10,155,George Mason,UC Riverside
2.0,SF,Austin Harvell,RS FR,6-6,215,Tennessee Tech,Alabama A&M
2.0,SF,Ahmard Harvey,RS SO,6-7,195,Coastal Carolina,High Point
2.0,SG,Bobby Harvey,RS JR,6-3,200,IUPUI,Portland State
2.0,PF,Keegan Harvey,RS FR,-11,220,College of Charleston,George Washington
2.0,PG,Yaru Harvey,FR,6-3,175,Portland,Northwest Nazarene
2.0,PF,Langdon Hatton,RS FR,-10,240,William & Mary,Bellarmine
2.0,PG,Chauncey Hawkins,RSSR,5-8,172,St. Francis Brooklyn,Bryant
2.0,PG,Jalen Hawkins,SR,6-2,190,Norfolk State,Morehead State
3.5,C,Raymond Hawkins III,RS SO,6-9,240,Long Beach State,Riverside City College
2.0,PG,Cam Hayes,RS FR,6-2,185,NC State,LSU
2.0,PF,Jalen Haynes,RS FR,6-8,250,Virginia Tech,ETSU
3.0,SG,Curtis Haywood II,RSSR,6-5,198,Tulsa,Central Oklahoma
2.0,SG,Bahaide Haidara,JR,6-6,201,St. Francis Brooklyn,Université du Québec à Montréal
2.0,SG,Cameron Healy,RSSR,6-3,190,Central Michigan,Southern Utah
3.0,PG,D.J. Heath,RSSR,6-0,185,Alabama State,Western New Mexico
2.0,PG,Deacon Heath,SR,6-0,170,UNC Asheville,Bethel University
3.0,PG,Jay Heath,RS SO,6-3,200,Arizona State,Georgetown
2.0,PF,Samaad Hector,RS JR,6-6,230,Sacramento State,Central Washington
2.0,PF,Brock Heffner,RS FR,6-8,215,Hawaii,Green Bay
2.0,PF,Jordan Henderson,SO,6-8,195,McNeese,Lamar State College–Port Arthur
2.0,PG,Mikel Henderson,JR,6-1,165,UT Martin,Central Missouri
2.0,PG,Semaj Henderson,SO,6-2,185,Jacksonville State,South Georgia Technical College
2.0,SF,"Cedric Henderson, Jr.",RS JR,6-6,200,Campbell,Arizona
2.0,PF,Michael Henn,RSSR,6-8,240,Denver,Penn State
2.0,PF,DeAndre Henry,RS FR,6-7,225,Nevada,UC Davis
2.0,PG,Matt Herasme,SR,6-4,180,Marist,New Hampshire
2.0,SG,Jeremiah Hernandez,RS SO,6-4,175,Kent State,Southern Indiana
3.0,SF,Keaton Hervey,RSSR,6-7,197,Missouri State,Oakland
2.0,SG,Adam Hess,RS JR,6-4,205,Eastern New Mexico,NJIT
2.0,SG,Kyle Hicks,HS SR,6-4,195,Tarleton State,Assumption
2.0,PG,Jerry Higgins III,RS JR,-10,175,The Citadel,John Carroll University
2.0,PF,Anquan Hill,RS FR,6-9,195,Fairleigh Dickinson,St. Bonaventure
2.0,PG,Jamere Hill,SO,6-1,170,Toledo,Lewis
2.0,PG,Justice Hill,RS JR,6-0,175,Murray State,LSU
2.0,PG,Justin Hill,RS FR,6-0,185,Longwood,Georgia
2.0,SG,Tahjae Hill,SO,6-2,180,Niagara,Butler Community College
2.0,C,Mounir Hima,RS FR,-11,230,Duquesne,Syracuse
4.0,PF,Blake Hinson,RS JR,6-7,255,Iowa State,Pittsburgh
3.0,SG,Ramean Hinton,SO,6-5,180,Western Illinois,Highland Community College
2.0,PF,Isaac Hippolyte,SR,6-7,215,Coastal Carolina,Chowan
2.0,C,Nick Hittle,RS FR,-10,245,Indiana State,Southern Indiana
2.0,PG,Hakon Hjalmarsson,JR,6-3,181,Binghamton,Arkansas–Monticello
2.0,PG,Kameron Hobbs,RS FR,-10,165,North Greenville,Morgan State
2.0,SG,D'Moi Hodge,RSSR,6-4,180,Cleveland State,Missouri
2.0,PG,Jalen Hodge,RS JR,6-1,180,James Madison,SIUE
2.0,SG,Quentin Hodge,SO,6-5,191,USC Upstate,Polk State College
2.0,PG,Jaheim Holden,JR,-10,165,Tarleton State,Fort Hays State
2.0,SG,Tanner Holden,RS SO,6-6,200,Wright State,Ohio State
2.0,SF,Collin Holloway,RS FR,6-6,220,Georgetown,Tulane
2.0,SG,Jaren Holmes,SR,6-4,207,St. Bonaventure,Iowa State
4.0,SG,Jusaun Holt,RS FR,6-7,190,Alabama,Georgia
3.0,PG,Nick Honor,RS JR,-10,200,Clemson,Missouri
4.0,SF,Bryce Hopkins,RS FR,6-7,220,Kentucky,Providence
2.0,PG,Ithiel Horton,RS JR,6-5,200,Pittsburgh,UCF
2.0,SG,Jamel Horton,RSSR,6-3,190,Albany,Mississippi State
2.0,PF,Donte Houston,RS FR,6-9,220,Texas–Rio Grande Valley,Southeastern Louisiana
2.0,SF,Brendan Howard,RSSR,6-5,230,North Dakota,University of Providence
2.0,PG,"Trent Hudgens, Jr.",SO,6-0,163,Northern Colorado,Arizona Christian University
2.0,PF,Cameron Huefner,RS FR,6-7,210,Pittsburg State,Sam Houston State
2.0,PG,Honor Huff,RS FR,-10,155,VMI,Chattanooga
2.0,SF,Darrius Hughes,RS SO,6-7,220,Omaha,Wagner
2.0,PG,John-Michael Hughes,RS JR,6-1,181,High Point,The Citadel
2.0,PG,Phillip Hughes,RS FR,6-1,180,UT Martin,Wallace State Community College
2.0,SG,DaJion Humphrey,SO,6-4,185,Holy Cross,Garden City Community College
3.0,PG,Gianni Hunt,RS SO,6-4,190,Oregon State,Sacramento State
2.0,SF,Chance Hunter,RSSR,6-6,200,California Baptist,Cal Poly
3.0,PG,Jaylin Hunter,RS SO,6-0,195,Old Dominion,Ohio
2.0,PF,Sammy Hunter,RS SO,6-9,225,Ole Miss,Akron
4.0,PG,Tyrese Hunter,RS FR,6-0,175,Iowa State,Texas
4.0,SG,"Eric Hunter, Jr.",SR,6-4,170,Purdue,Butler
4.0,PF,Brandon Huntley-Hatfield,RS FR,-10,250,Tennessee,Louisville
2.0,PG,Kai Huntsberry,RS SO,6-3,215,Mary,North Texas
3.5,SG,"Luis Hurtado, Jr.",RSSR,6-7,215,Bryant,Mercer
2.0,SG,Alem Huseinovic,RS FR,6-4,190,Nevada,Rice
2.0,SG,Robert Hutchens,SO,6-4,205,Northern Arizona,Allan Hancock College
2.0,PF,Hank Hutcheson,RS FR,6-6,191,Trevecca Nazarene,Lipscomb
3.0,PG,Noah Hutchins,SO,6-1,195,Rice,Ranger College
2.0,SG,Ethan Igbanugo,RSSR,6-2,185,North Dakota,Cal State Northridge
2.0,C,Tim Ighoefe,RS SO,7-0,255,Georgetown,California Baptist
2.0,SG,Sam Ihekwoaba,FR,6-5,-,Maine,Western Texas College
2.0,PF,Stephane Ingo,RS JR,6-9,200,Maine,Marist
2.0,C,Tariq Ingraham,RS SO,6-9,255,Wake Forest,Rider
2.0,C,Chuks Isitua,RS FR,-11,220,IUPUI,Fresno State
3.0,C,Rick Issanza,RS SO,7-1,230,Oklahoma,Loyola Marymount
2.0,PG,Jao Ituka,RS FR,6-1,196,Marist,Wake Forest
2.0,PG,Michael Iuzzolino,FR,6-2,180,Bryant,Lake Erie
2.0,SG,Donovan Ivory,JR,6-6,190,Green Bay,Southern Miss
2.0,PG,Jordan Ivy-Curry,RS FR,6-2,180,UTSA,Pacific
2.5,C,Abayomi Iyiola,RSSR,-10,215,Hofstra,Kansas State
3.0,C,Tegra Izay,RS FR,-10,265,La Salle,Harcum College
2.0,PG,Antoine Jacks,FR,-10,165,Fairleigh Dickinson,Indian River State College
2.0,SF,Clarence Jackson,RS SO,6-7,225,Wichita State,Jacksonville State
2.0,PG,Tre Jackson,RS SO,6-0,185,Iowa State,Western Carolina
2.0,SG,Wade Jackson,SO,6-2,180,Loyola (MD),Belmont Abbey
4.0,PG,Zeb Jackson,RS FR,6-5,180,Michigan,VCU
2.0,PG,Crosby James,RS SO,6-0,185,Anderson,Presbyterian
2.0,SF,Jehloni James,JR,6-7,200,Georgia Tech,Columbus State
2.0,SG,Reggie James,JR,6-4,195,Coppin State,Albany State
3.0,C,Trey James,RS FR,6-9,235,Iona,Robert Morris
2.0,PF,Brock Jancek,SR,6-8,228,Tennessee,ETSU
2.0,PG,Sigu Sisoho Jawara,JR,6-3,210,Weber State,San Diego
3.0,SG,Chaunce Jenkins,RS FR,6-4,175,Wichita State,Old Dominion
3.0,SG,"David Jenkins, Jr.",RSSR,6-1,200,Utah,Purdue
2.0,PF,Cameron Jernigan,FR,6-8,175,Tarleton State,Cowley College
2.0,PG,Cartier Jernigan,JR,6-1,181,USC Upstate,Johnson C. Smith
2.0,PG,Monty Johal,RS JR,6-3,195,Tennessee State,Carson–Newman
2.0,SG,Max Johns,SR,6-4,205,Princeton,Duke
3.7,PF,"Brandon Johns, Jr.",SR,6-8,240,Michigan,VCU
2.0,PF,Austin Johnson,RS SO,6-9,235,UC Irvine,North Carolina A&T
2.0,SG,Britton Johnson,SR,6-4,185,Alabama,Samford
4.0,C,Isaac Johnson,RS FR,7-0,235,Oregon,Utah State
2.0,SG,Jacob Johnson,RS SO,6-5,195,Kansas City,LIU
2.0,PF,Jalen Johnson,RS SO,6-7,230,Alabama A&M,Milwaukee
2.0,PG,Jalen Johnson,SR,6-1,180,UIC,Union
3.3,SG,Jamal Johnson,RSSR,6-4,195,UAB,Chattanooga
2.0,SF,Javan Johnson,RSSR,6-6,205,Iowa State,DePaul
2.0,PG,Jordan Johnson,RS SO,6-1,170,Denver,New Orleans
2.0,SG,K.J. Johnson,RS SO,6-3,165,Lipscomb,North Alabama
4.0,SF,Keyontae Johnson,SR,6-5,231,Florida,Kansas State
2.0,SF,Kyle Johnson,RS JR,6-8,190,Cal State Monterey Bay,Delaware State
3.0,PG,Meechie Johnson,RS FR,6-2,172,Ohio State,South Carolina
2.0,SF,Nathan Johnson,RS SO,6-7,205,UMBC,Samford
2.0,PG,R.J. Johnson,RS FR,6-1,185,Holy Cross,Charleston Southern
2.0,PG,Ty Johnson,RS FR,6-3,190,Loyola Chicago,UC Davis
2.0,PG,Xavier Johnson,RS SO,6-1,185,George Mason,Southern Illinois
2.0,SG,Quinton Johnson II,RS JR,6-4,195,Texas–Rio Grande Valley,East Central
2.0,PG,Jackie Johnson III,RS FR,-11,185,Duquesne,UNLV
2.7,PG,"Tony Johnson, Jr.",RS SO,6-3,185,UCF,Manhattan
2.0,SG,Aaron Johnson-Cash,RS JR,6-6,201,Texas A&M,UT Arlington
2.0,SG,Chase Johnston,RS SO,6-3,185,Stetson,Florida Gulf Coast
2.0,PG,Jarkel Joiner,RSSR,6-1,180,Ole Miss,NC State
2.0,SG,Charles Jones,RS SR,6-5,190,McKendree,Mississippi Valley State
3.0,SF,David Jones,RS FR,6-6,210,DePaul,St. John's
2.0,SF,Elijah Jones,SO,6-8,200,Southern Indiana,John A. Logan College
3.0,SG,Kanye Jones,RS FR,6-4,190,Boston College,Buffalo
2.0,SG,Max Jones,RS FR,6-5,205,Tampa,Cal State Fullerton
2.0,SG,Michael Jones,RS JR,6-5,205,Davidson,Stanford
2.0,PG,Russell Jones,RS SO,5-8,175,Winthrop,Western Carolina
3.0,SG,Tavon Jones,SR,6-3,185,Merrimack,Nichols College
2.0,SG,"Darrick Jones, Jr.",SO,6-5,200,Towson,Le Moyne
2.0,PF,Kur Jongkuch,SR,-10,215,Northern Colorado,Temple
2.0,SG,Tai'Reon Joseph,SO,6-2,175,Radford,East Central Community College
2.0,SF,Evan Joyner,SO,6-8,180,Tennessee State,Yavapai College
2.0,SG,Gedi Juozapaitis,RS JR,6-4,210,Georgia Southern,Maine
2.0,PF,Joel Kabimba,RS SO,6-8,222,Bryant,Saint Michael's
2.0,PF,Joel Kabimba,RS SO,6-8,222,George Mason,Bryant
2.0,SG,Joey Kahn,RS FR,6-4,175,Delta State,Coastal Carolina
2.0,PF,Sekou Kalle,RS FR,-10,224,Akron,Evansville
2.0,PF,Modestas Kancleris,RS FR,6-9,210,Creighton,Cal State Bakersfield
2.0,C,Isaac Kante,RSSR,6-7,259,LIU,Massachusetts
2.0,C,Dardan Kapiti,RS SO,-10,213,Florida Atlantic,Eastern Kentucky
2.0,SF,Kyle Karstetter,SO,6-7,210,Idaho State,North Idaho College
2.0,SG,Joe Kasperzyk,SR,6-3,190,Southeastern Louisiana,Niagara
2.0,SG,Luke Kasubke,RS FR,6-5,190,Kansas State,Illinois State
2.0,PG,Martin Kawa,FR,6-3,185,UNC Asheville,Richard Bland College
3.0,PF,Yaya Keita,RS FR,6-9,240,Missouri,Oklahoma
2.0,PF,C.J. Kelley,FR,6-8,185,Florida International,McLennan Community College
2.0,PF,Japannah Kellogg,RS SO,6-8,200,Green Bay,Albany
2.0,PF,Andre Kelly,SR,6-9,255,California,UC Santa Barbara
2.0,SG,C.J. Kelly,RSSR,6-5,190,Massachusetts,UCF
2.0,SF,Jerrel Kelly,RS JR,6-9,215,Queens (NC),St. Thomas Aquinas
3.0,SF,Jamon Kemp,SO,6-6,190,Southeastern Louisiana,College of Southern Idaho
2.0,SF,Jeremiah Kendall,RS SO,6-6,205,Prairie View A&M,Alcorn State
2.0,SG,Elijah Kennedy,RS FR,6-3,200,Florida,Texas State
2.0,SG,Jaden Kennedy,SO,6-4,180,Campbell,University of South Carolina Salkehatchie
2.0,SG,Keondre Kennedy,SR,6-6,185,UMBC,UNCG
4.0,SG,Keonte Kennedy,RS JR,6-5,185,UTEP,Memphis
2.0,PG,Colin Kenney,JR,6-1,170,Furman,Lewis
2.0,SG,Jayson Kent,RS FR,6-8,205,Bradley,Indiana State
3.3,C,Zach Kent,RSSR,-10,250,Delaware State,Gannon
4.0,C,Franck Kepnang,RS FR,-11,200,Oregon,Washington
2.0,SG,Carius Key,JR,6-3,205,Texas A&M–Commerce,Tiffin
2.0,PG,Tyreke Key,SR,6-2,207,Indiana State,Tennessee
4.0,PG,Naseem Khaalid,SO,6-2,180,Morgan State,Wake Technical Community College
2.0,SG,Ethan Kilgore,SO,6-5,210,Idaho,Missouri Western
2.0,SG,Cameron Kimble,FR,6-5,180,Western Michigan,New Mexico Junior College
2.0,PG,Antwan Kimmons,JR,6-0,175,Northern Iowa,Concordia St. Paul
2.0,PF,Dontavius King,RS SO,6-7,240,North Carolina Central,Shaw
2.0,SG,Jalen King,JR,6-5,180,Northwestern State,Texas–Permian Basin
2.0,SG,Kellen King,RSSR,6-4,190,Missouri–St. Louis,San José State
2.0,PG,Paul King,JR,6-0,179,Alcorn State,Oklahoma Baptist
2.0,PF,Tre King,RS JR,6-7,236,Georgetown,Iowa State
2.0,PF,Kace Kitchel,JR,6-8,240,Lindenwood,Rocky Mountain College
3.0,C,Lukas Kisunas,SR,-10,265,Stanford,Denver
2.0,SG,Maks Klanjscek,RS SO,6-4,190,Maine,Houston Christian
2.0,PG,Max Klesmit,RS FR,6-3,190,Wofford,Wisconsin
2.0,SF,Dimitrios Klonaras,JR,6-6,210,California,Cal State East Bay
2.0,SG,Seneca Knight,RS JR,6-6,225,Brigham Young,Illinois State
2.0,SG,Connor Kochera,RS FR,6-5,200,William & Mary,Davidson
2.0,PG,Noah Kon,FR,6-1,180,Northern Illinois,Colorado Christian
2.0,SG,Kanon Koster,RS JR,6-4,215,South Dakota,Saint Leo
2.0,PF,Kai Kostmayer,RS FR,6-8,220,Bryant,Anderson
2.0,PG,Jefferson Koulibaly,RS FR,6-3,185,Washington State,SMU
3.0,SF,Souleymane Koureissi,SR,-10,210,Richmond,Radford
2.0,SG,Ian Krishnan,SR,6-2,180,Central Connecticut State,Cal Poly Humboldt
2.0,SF,Majok Kuath,RS SO,6-8,183,San José State,Northwestern State
2.0,PF,Zool Kueth,RS JR,6-7,210,Northern Illinois,Tennessee State
2.0,SG,Brandon Kulakowski,FR,6-3,180,Canisius,State University of New York at Morrisville
2.0,PF,Jordan Kwiecinski,SO,6-9,210,Drake,Eckerd
3.0,SF,Jake Kyman,RS SO,6-7,215,UCLA,Wyoming
2.0,PF,Cem Kirciman,SO,6-8,220,Green Bay,Lewis
2.0,PG,Ga'Khari LaCount,FR,6-1,175,Longwood,College of Southern Idaho
2.0,PG,Bakari LaStrap,SO,6-0,170,IUPUI,Blinn College
2.0,PF,Nate Lacewell,RS FR,6-9,210,Texas State,Morehouse
2.0,PF,Trevor Lakes,RSSR,6-8,220,Nebraska,Southern Indiana
2.0,PF,Lado Laku,SO,-10,215,Cal State Fullerton,Indian Hills Community College
2.0,SG,Keith Lamar,SO,6-6,190,Stetson,South Georgia State College
2.0,PG,Mason Landdeck,FR,6-2,170,Eastern Washington,Hawaii Pacific
5.0,PG,Khristian Lander,RS FR,6-3,195,Indiana,Western Kentucky
3.0,PF,Logan Landers,RS FR,6-9,215,Kansas State,GCU
2.0,SG,Chase Lane,JR,6-4,180,Tarleton State,Claflin
2.0,C,Eduardo Lane,RSSR,6-9,250,San José State,Siena
2.0,SG,Matthew Lang,SR,6-3,185,Gonzaga,Arizona
2.0,PG,Emory Lanier,RS FR,6-3,180,Davidson,SMU
2.0,PG,Ryan Larson,SR,6-1,180,Wofford,College of Charleston
2.0,SG,Bryce Laskey,RS JR,6-4,200,St. Francis (PA),Palm Beach Atlantic
3.0,PG,Jordan Lathon,RS JR,6-4,205,Milwaukee,Morehead State
2.0,C,Abba Lawal,SO,-11,210,Alabama A&M,Thomas More
2.0,SG,Colton Lawrence,RSSR,6-3,205,Bentley,UMBC
2.0,SF,Malik Lawrence-Anderson,SR,6-6,215,Texas–Rio Grande Valley,Newman
2.0,SF,Luke Lawson,SR,6-8,190,UNC Asheville,Virginia–Wise
2.0,PG,Ambaka Le Gregam,SO,6-4,180,Presbyterian,Moberly Area Community College
3.3,SF,"Josh LeBlanc, Sr.",RS JR,6-7,230,UAB,Nicholls
2.0,PG,Avontez Ledet,FR,6-2,165,Lamar,Lamar State College–Port Arthur
3.5,C,Kolby Lee,RSSR,6-9,240,Utah Tech,Idaho State
2.0,PG,Matthew Lee,RS SO,6-0,175,Saint Peter's,Missouri State
2.0,PF,Georges Lefebvre,SO,6-9,200,Vermont,Simon Fraser
2.0,PG,Felix Lemetti,RS JR,6-1,190,Omaha,Southern Utah
2.0,PF,Remy Lemovou,RS JR,6-9,220,Coppin State,Lindenwood
2.0,SF,Matthew Lentz,FR,6-7,215,Jacksonville,Southeastern University
2.0,SF,Marlon Lestin,RS FR,6-9,230,East Carolina,Murray State
4.0,PF,Wildens Leveque,RS SO,-10,255,South Carolina,Massachusetts
2.0,SG,Garrett Levesque,RS FR,6-6,195,Tarleton State,UTEP
2.0,PG,Steven Levnaic,RS JR,6-2,180,Niagara,St. Francis Xavier University
2.0,SG,Brad Lewis,RS FR,6-4,175,Central State,Jacksonville State
2.0,PG,Curt Lewis,RS SO,6-5,222,Eastern Kentucky,John A. Logan College
2.0,SF,Isaiah Lewis,JR,6-7,205,Northern Arizona,Western New Mexico
2.0,SG,Julian Lewis,RS FR,6-6,200,William & Mary,Miami (OH)
3.0,PF,Seryee Lewis,RS FR,6-9,245,Kansas State,Rice
2.0,SF,Terence Lewis II,SR,6-6,210,Jackson State,Louisiana
4.3,PF,Gerald Liddell,RS JR,6-8,203,Alabama State,Detroit Mercy
2.0,PG,Isaac Likekele,RS JR,6-5,215,Oklahoma State,Ohio State
2.0,PF,Brody Limric,RS FR,6-9,200,Quinnipiac,Central Connecticut State
4.0,C,"Carlton Linguard, Jr.",RS SO,7-0,220,Kansas State,UTSA
2.0,PG,Xavier Lipscomb,RS FR,6-2,195,Radford,Mount St. Mary's
2.0,SG,Keith Littles,SR,6-4,170,Florida A&M,Western New Mexico
3.5,PG,Jaelin Llewellyn,SR,6-2,190,Princeton,Michigan
2.0,SG,Liam Lloyd,SO,6-5,195,GCU,Northern Arizona
3.0,SG,Noah Locke,SR,6-3,210,Louisville,Providence
2.0,PG,Tyreke Locure,RS SO,6-0,167,UAB,Louisiana–Monroe
2.0,PG,Kyle Lofton,SR,6-3,186,St. Bonaventure,Florida
4.0,SF,Caleb Lohner,RS FR,6-8,235,Brigham Young,Baylor
3.0,PG,Jahari Long,RS FR,6-5,200,Seton Hall,Maryland
2.0,SG,Owen Long,JR,6-3,176,Youngstown State,Emporia State
2.0,PG,Parker Long,JR,6-2,175,Southeast Missouri State,Missouri Southern
2.0,PF,Andre Lorentsson,SO,6-8,215,Saint Louis,Toledo
3.0,PG,Kyrell Luc,RS FR,-11,165,Holy Cross,St. Bonaventure
2.0,SF,Michael Lucarotti,RS FR,6-5,210,Youngstown State,Gannon
4.0,PG,Jarod Lucas,RS SO,6-4,195,Oregon State,Nevada
2.0,SG,Marko Lukic,RS SO,6-7,195,Little Rock,Denver
3.0,SG,Tyler Lundblade,RS FR,6-6,207,SMU,TCU
2.0,PG,Drew Lutz,JR,6-1,175,Incarnate Word,Bethel University
3.0,C,Nic Lynch,SR,-11,250,Lehigh,San Diego
2.0,PG,Brock Mackenzie,SR,6-2,185,Point Loma Nazarene,Idaho State
2.0,SG,Julian Mackey,RS FR,6-3,165,Niagara,Northeastern Oklahoma A&M College
3.0,PG,Dante Maddox,RS FR,6-2,195,Cal State Fullerton,Toledo
2.0,SG,"Tray Maddox, Jr.",RS JR,6-4,200,Cal State Fullerton,Western Michigan
2.0,SF,Joey Madimba,RS FR,6-5,210,Tarleton State,Weatherford College
2.0,PG,T.J. Madlock,RS FR,6-3,190,South Carolina State,Alabama State
3.0,PG,Mason Madsen,RS FR,6-4,200,Cincinnati,Boston College
2.0,PG,Carter Mahaney,SO,6-3,180,Northern Arizona,Chico State
2.0,PF,Dusan Mahorcic,SR,-10,225,Utah,NC State
3.0,C,Mabor Majak,RS FR,7-2,245,Cleveland State,Missouri
2.0,PF,Tutu Majok,JR,6-9,230,Green Bay,University of Science and Arts of Oklahoma
2.0,C,Adong Makuoi,SR,6-9,220,Northern Illinois,Tennessee State
2.0,PF,Dravon Mangum,RS JR,6-8,200,Radford,Louisiana Tech
2.0,PG,Ezra Manjon,RS SO,6-0,170,UC Davis,Vanderbilt
2.0,SG,Jamaine Mann,RS FR,6-6,230,Vanderbilt,Georgia State
2.0,PF,James Manns,RSSR,6-7,210,Wright State,Ashland
3.0,PF,Romelle Mansel,RS SO,6-9,230,Long Beach State,Jackson State
2.0,SG,Edward Manuel,JR,6-6,205,Northern Illinois,St. Mary's (TX)
4.0,PF,Valdir Manuel,RS JR,-10,225,New Mexico,Catawba
2.0,PF,B.J. Marable,SO,6-9,230,UNC Asheville,Triton College
3.0,PF,Julius Marble,RS SO,6-9,245,Michigan State,Texas A&M
2.0,C,Bonke Maring,RS SO,-10,240,UTEP,Houston Christian
2.0,PF,Hunter Marks,SR,6-9,190,Hartford,Sacramento State
2.0,SG,"Carlos Marshall, Jr.",RSSR,6-6,205,Tennessee State,Santa Clara
2.0,SF,Brandon Martin,SR,6-5,232,South Carolina,Massachusetts
2.0,SF,Kevin Martina,RS FR,6-7,215,Sam Houston State,Robert Morris
2.0,SG,Judson Martindale,RS FR,6-7,210,Holy Cross,Pacific
2.0,SF,Jayden Martinez,SR,6-7,215,New Hampshire,North Texas
2.0,PG,Alston Mason,RS FR,6-2,175,Oklahoma,Missouri State
2.0,SG,Josh Massey,RS FR,6-6,198,Western Carolina,Wingate
2.0,SF,Michael Matas,SO,6-8,200,SIUE,Brock University
2.0,PG,Milton Matthews,SO,6-3,185,North Carolina A&T,St. Thomas University
3.0,SF,"Emmitt Matthews, Jr.",RS JR,6-7,215,Washington,West Virginia
2.0,PG,Branden Maughmer,SR,6-3,195,Cedarville,Morehead State
2.0,PF,Akol Mawein,RS SO,6-8,220,Oklahoma,Sacramento State
3.7,SF,Matthew Mayer,RS JR,6-9,225,Baylor,Illinois
2.0,SG,Mayoum Mayoum,SO,6-4,180,Loyola Marymount,Miami Dade College
2.0,SG,Vukasin Masic,RS FR,6-5,205,Maine,Portland
3.0,PF,Josh Mballa,SR,6-7,220,Buffalo,Ole Miss
2.0,PG,Bryce McBride,RS JR,6-2,185,Eastern Michigan,Youngstown State
2.0,PG,Mardrez McBride,RS JR,6-2,180,North Texas,Georgia
2.0,SG,Elijah McCadden,SR,6-4,205,Georgia Southern,Memphis
2.0,SG,Courvoisier McCauley,SR,6-5,211,DePaul,Indiana State
2.0,SG,Nathan McClure,RS JR,6-4,175,IUPUI,Le Moyne
2.0,SG,K.J. McClurg,SO,6-3,185,New Hampshire,California (PA)
3.0,PG,Andrew McConnell,RS FR,6-1,170,James Madison,USC Upstate
2.0,SG,Aidan McCool,RS FR,6-3,165,Maryland,Louisville
3.0,SG,Carson McCorkle,RS FR,6-3,193,Virginia,Wofford
2.0,SG,Travion McCray,RS SO,6-1,181,Western Carolina,South Carolina State
2.0,SF,Jalyn McCreary,RS SO,6-8,225,South Florida,Mercer
2.0,PG,"Kevin McCullar, Jr.",RS JR,6-6,210,Texas Tech,Kansas
2.0,SF,David McCullough,RS JR,6-6,190,Bowie State,Morgan State
3.0,SG,Camron McDowell,RS FR,6-5,170,Georgia,Jacksonville State
2.0,PF,Matt McFarlane,RS JR,-10,210,La Salle,Hampton
2.0,PF,Matt McFarlane,RS JR,-10,210,Wichita State,La Salle
2.0,PG,Kamari McGee,RS FR,6-0,160,Green Bay,Wisconsin
2.0,PG,Jon'Quarius McGhee,FR,6-2,175,Nicholls,Bossier Parish Community College
2.0,PF,Caleb McGill,SO,6-8,215,UC Davis,Metro State
2.0,SG,A.J. McGinnis,RS FR,6-4,177,Cincinnati,Lipscomb
2.0,SG,Jaelen McGlone,SO,6-4,205,Rider,East Stroudsburg
2.0,SG,Brendan McGuire,JR,6-7,210,Quinnipiac,Sacred Heart
2.0,PG,Kendall McHugh,JR,6-1,175,Idaho,Concordia Irvine
2.0,SG,Hunter McIntosh,JR,6-2,180,Elon,Nevada
3.0,PG,"Mario McKinney, Jr.",RS SO,6-1,175,New Mexico State,UTEP
2.0,PF,Jayveous McKinnis,RSSR,6-7,225,Jackson State,Ole Miss
2.0,PF,Cade McKnight,RSSR,6-9,240,Truman State,Indiana State
2.0,PG,Logan McLaughlin,SO,6-1,185,Abilene Christian,New Mexico Junior College
2.0,SG,Trenton McLaughlin,RS FR,6-6,200,Central Connecticut State,Northern Arizona
4.0,PF,Ty McMillan,RS JR,6-9,215,Georgia,McNeese
2.0,PF,Nick McMullen,RS FR,6-8,237,Murray State,UNC Asheville
2.0,PF,"Will McNair, Jr.",RS JR,-11,265,New Mexico State,Mississippi State
2.0,SG,Camron McNeil,JR,6-5,185,Radford,Central Washington
2.0,SG,Sean McNeil,RSSR,6-4,205,West Virginia,Ohio State
3.0,PG,Darius McNeill,RSSR,6-3,185,UTSA,Troy
3.5,PG,Cashius McNeilly,RS SO,6-4,190,TCU,Northern Oklahoma College-Tonkawa
2.0,C,Callum McRae,SR,7-1,280,UC Riverside,Sacramento State
2.0,C,Braxton Meah,RS FR,7-1,250,Fresno State,Washington
2.0,C,Brendan Medley-Bacon,SR,7-1,245,McNeese,North Carolina Central
2.0,PG,Chuka Mekkam,SR,6-1,185,Drexel,Newman
2.0,PG,Peyton Mele,FR,6-2,175,Oakland,Westminster College
2.0,SG,Mike Mensah,RSSR,6-5,200,Maryland Eastern Shore,Fresno Pacific
2.0,SF,C.J. Meredith,SO,6-6,215,Marshall,Charleston
2.5,C,Corbin Merritt,RSSR,6-9,240,Austin Peay,Converse
2.0,PG,Sam Mervis,RS FR,-11,172,Indiana State,Southern Indiana
2.0,PF,Rifen Miguel,RS JR,6-8,240,Troy,UT Martin
2.0,SG,Selton Miguel,RS FR,6-4,210,Kansas State,South Florida
2.0,SG,Kortrijk Miles,RSSR,6-5,170,West Alabama,Prairie View A&M
2.0,C,Marko Milivojevic,FR,-11,230,Maryland Eastern Shore,Arizona Western College
2.0,SF,"Igor Milicic, Jr.",RS FR,-10,225,Virginia,Charlotte
2.0,SG,Hercy Miller,RS FR,6-3,180,Tennessee State,Xavier
2.0,SG,Hercy Miller,RS FR,6-3,180,Xavier,Louisville
2.0,SG,Isaac Miller,SO,6-3,180,Eastern Illinois,Goshen College
2.0,PG,Masen Miller,RS FR,6-2,180,Truman State,Indiana State
2.0,PG,Miles Miller,RS JR,6-2,170,Lipscomb,Mississippi College
2.0,SG,Nikola Milosevic,FR,6-5,195,Portland,Corban University
3.0,C,Anderson Mirambeaux,RS SO,6-8,305,Cleveland State,Miami (OH)
2.0,PG,D.J. Mitchell,SR,6-0,160,Hartford,De La Salle University
2.0,C,David Mitchell,SR,6-6,210,Brown,Niagara
2.0,SG,Jayme Mitchell,RS FR,6-5,187,Alabama State,Jackson State
4.0,PF,Makhel Mitchell,RS SO,-10,240,Rhode Island,Arkansas
4.0,PF,Makhi Mitchell,RS SO,6-9,230,Rhode Island,Arkansas
2.0,SG,RayQuawndis Mitchell,SR,6-5,200,UIC,Kansas City
2.0,PG,Tre Mitchell,RSSR,6-3,185,Central Connecticut State,Angelo State
4.0,PF,Tre Mitchell,RS SO,6-9,225,Texas,West Virginia
2.0,PG,Divant'e Moffitt,RS JR,6-3,185,Seattle Pacific,Idaho
2.0,PF,Pape Momar Cisse,FR,-10,195,North Alabama,Clayton State
4.0,SF,Matthew-Alexander Moncrieffe,RS FR,6-8,215,Oklahoma State,Georgia
2.0,PG,Bryce Monroe,RS FR,-11,170,San Diego,IUPUI
2.0,SG,Madison Monroe,JR,6-4,193,Western Carolina,Christian Brothers
2.0,SG,Aanen Moody,RSSR,6-3,185,Southern Utah,Montana
4.0,SG,Chance Moore,RS FR,6-6,205,Arkansas,Missouri State
4.0,PF,Clifton Moore,RSSR,-11,240,La Salle,Providence
2.0,SG,Donavan Moore,RS SO,6-3,185,Green Bay,Lindenwood
2.0,PG,Isaiah Moore,SR,6-0,190,Franklin Pierce,South Alabama
2.0,PF,Isaih Moore,SR,-10,197,Southern Miss,Fresno State
2.0,SG,Jayshawn Moore,FR,6-6,180,Tarleton State,Navarro College
2.0,PG,Kendle Moore,SR,6-0,155,Colorado State,Missouri State
4.0,SF,Khalid Moore,SR,6-7,208,Georgia Tech,Fordham
2.0,SG,Marquis Moore,SR,6-6,220,Southern Utah,Hawaii Pacific
3.3,SG,Payton Moore,SR,6-4,205,Denver,Cal State Los Angeles
2.0,SG,Rahmir Moore,RS SO,6-3,205,Saint Joseph's,Wagner
2.0,SF,Sean Moore,RS FR,6-6,180,St. Thomas Aquinas,Fairleigh Dickinson
2.5,SG,Trevor Moore,RS JR,6-5,195,Morgan State,Minnesota State
2.0,PG,Elijah Morgan,JR,6-1,169,Notre Dame,The Citadel
2.0,PF,Stephan Morris,JR,6-8,210,Old Dominion,Virginia State
3.0,PF,Matthew Mors,RS FR,6-7,230,Wisconsin,South Dakota State
2.0,SF,Tay Mosher,RS FR,6-8,215,East Carolina,Bryant
4.0,SG,Isiaih Mosley,RS SO,6-5,205,Missouri State,Missouri
4.0,PG,T.J. Moss,RS JR,6-4,180,McNeese,Detroit Mercy
3.0,PG,Jamir Moultrie,RSSR,6-1,172,Kennesaw State,Canisius
2.0,SF,Bryson Mozone,SR,6-6,210,USC Upstate,Georgetown
2.0,PG,Aamer Muhammad,RS SO,6-1,190,Lubbock Christian,Troy
2.0,SF,Andre Mulibea,SO,6-6,210,Utah Tech,Salt Lake Community College
3.0,SG,Chris Mullins,SR,6-3,192,Rice,William & Mary
2.0,SG,Jabe Mullins,RS FR,6-6,192,Saint Mary's,Washington State
3.0,PF,Kendall Munson,RS FR,6-7,220,Pepperdine,Portland State
2.0,SF,Aaron Murphy,RS SO,6-7,230,UC Davis,Northwest Nazarene
4.0,SG,Caleb Murphy,RS FR,6-4,185,South Florida,DePaul
2.0,PF,Jason Murphy,RS SO,6-8,240,NJIT,Frostburg State
4.0,SF,Montavious Murphy,RS SO,6-9,215,Kansas State,Stephen F. Austin
2.5,SG,Qon Murphy,RS JR,6-5,200,New Hampshire,UNC Pembroke
3.3,PF,Tomas Murphy,RSSR,6-8,230,Vermont,Nova Southeastern
3.0,SG,Brandon Murray,RS FR,6-5,225,LSU,Georgetown
2.0,SF,Patrick Mwamba,RS JR,6-7,205,UT Arlington,Oral Roberts
2.0,PG,Ryan Myers,SO,6-1,185,Iona,Indian Hills Community College
2.0,PF,Montavious Myrick,FR,6-8,215,Northern Illinois,Southern Union State Community College
2.0,PF,Seny N'Diaye,RS FR,-10,225,West Virginia,USC Upstate
2.0,PF,Jay Nagle,SR,6-9,215,UC Santa Barbara,Idaho State
4.0,PF,Pete Nance,RS JR,-11,230,Northwestern,North Carolina
2.0,PG,Walyn Napper,RS SO,6-0,182,Southern Miss,Longwood
2.0,PF,K.C. Ndefo,SR,6-7,206,Saint Peter's,Seton Hall
2.0,PF,Abdou Ndiaye,RS JR,6-9,200,Illinois State,Seton Hall
3.0,PG,A.J. Neal,RS FR,6-2,180,Long Beach State,Chicago State
2.0,PF,Jonathan Ned,SR,6-9,220,Georgia,Western Washington
2.0,PF,Adrian Nelson,SR,6-8,225,Northern Kentucky,Youngstown State
2.0,PG,Anders Nelson,SR,6-1,172,St. Thomas,William & Mary
2.0,C,Eoin Nelson,RS SO,-11,229,Wyoming,North Alabama
2.0,SF,Marek Nelson,RSSR,6-7,200,Texas–Rio Grande Valley,Nicholls
4.0,SG,Jordan Nesbitt,RS FR,6-6,210,Saint Louis,Hampton
2.0,PG,Donovan Newby,RS FR,6-1,185,Milwaukee,UNCW
2.0,PG,Zach Newkirk,SR,6-1,180,Central Connecticut State,Virginia State
2.0,PG,Emmanuel Newsome,JR,6-1,175,Oakland,Union
2.0,SF,Brock Newton,FR,6-7,200,Bucknell,University of Ottawa
2.0,SG,Jawaun Newton,SR,6-3,185,Evansville,Southern Illinois
2.0,SG,Tristen Newton,RS SO,6-5,190,East Carolina,Connecticut
2.0,PF,Madiaw Niang,SR,-10,230,Florida Atlantic,Radford
2.0,PG,DQ Nicholas,RS SO,6-1,180,Southeast Missouri State,Gardner–Webb
2.0,PF,Jimmy Nichols,RS JR,6-8,225,VCU,Coastal Carolina
2.0,C,Mo Njie,RS FR,-10,245,Eastern Michigan,SMU
2.0,PG,Dean Noll,SR,6-2,180,Cornell,Stony Brook
4.0,SG,Landers Nolley II,RS JR,6-7,208,Memphis,Cincinnati
2.0,PF,Eric Northweather,RS FR,-10,215,Truman State,Drake
4.0,SG,Shane Nowell,RS FR,6-6,215,Arizona,UNLV
2.0,C,Matt Nunez,FR,-10,246,ETSU,Missouri Western
3.0,PF,Ike Nweke,SR,6-7,245,Columbia,Quinnipiac
2.0,PF,George Nwogu,RS JR,6-8,210,Cal State Northridge,Arizona Western College
2.0,PF,Peter Nwoke,RS FR,6-7,215,Michigan State,Southern Indiana
3.0,SF,David N'Guessan,RS FR,6-9,205,Virginia Tech,Kansas State
2.0,SG,Brady O'Connell,SO,6-7,200,Old Dominion,Drury
3.0,SF,Josh O'Garro,SO,6-6,175,San José State,Colby Community College
2.0,PF,Prosper Obidiebube,JR,6-7,220,Longwood,Mars Hill
2.5,SG,Joe Octave,RS FR,6-4,205,Air Force,Holy Cross
2.0,SF,Caleb Oden,RS FR,6-5,175,Nevada,San Francisco State
3.0,PF,Efe Odigie,SR,6-9,240,Troy,SMU
3.5,PG,Dwon Odom,RS FR,6-2,182,Xavier,Georgia State
2.0,PF,K.J. Odour,FR,6-9,211,Western Carolina,College of Southern Idaho
3.0,SG,Femi Odukale,RS FR,6-6,205,Pittsburgh,Seton Hall
2.0,PF,Mezie Offurum,RS JR,6-8,230,Mount St. Mary's,James Madison
2.0,PF,Michael Ofoegbu,SO,6-7,205,San José State,Colby Community College
3.0,SG,Alec Oglesby,RS SO,6-5,187,UNCW,Stetson
2.0,PF,R.J. Ogom,SO,6-6,230,Purdue Fort Wayne,Indian Hills Community College
2.0,SG,Daniel Ogoro,RS SO,6-5,175,Youngstown State,St. Thomas University
3.0,C,John Ojiako,RS SO,-10,245,Virginia Tech,George Mason
2.0,SF,Gus Okafor,SR,6-6,236,Southeastern Louisiana,Wichita State
2.0,SG,Toby Okani,SO,6-8,210,Duquesne,UIC
2.0,PF,Chinedu Kingsley Okanu,SR,6-7,225,Northern Illinois,Grand Valley State
2.0,PF,Laolu Oke,RS JR,6-8,215,Metro State,Montana
2.0,PF,Dan Oladapo,RS JR,6-7,220,Pittsburgh,North Carolina Central
2.0,PF,Gabe Oliveira,RS JR,6-7,235,Pacific,Westminster
2.0,PG,Erik Oliver,RS SO,6-1,195,South Dakota,Tennessee Tech
2.0,SG,Kiran Oliver,RS FR,6-3,185,New Mexico State,Indian Hills Community College
2.0,PF,Ed Oliver-Hampton,SR,6-8,195,Hampton,South Carolina State
2.0,PF,Norchad Omier,RS FR,6-7,232,Arkansas State,Miami
2.0,PF,Malik Ondigo,RSSR,-10,220,Rice,Texas Tech
4.0,C,Sam Onu,RS FR,-11,270,Memphis,Florida Gulf Coast
2.0,C,Chandler Oriahki,RSSR,-10,225,Prairie View A&M,Evangel University
2.0,PF,Elijah Ormiston,RS FR,6-8,220,Concordia St. Paul,South Alabama
2.0,SF,Kevin Osawe,SR,6-7,210,Little Rock,NJIT
2.0,C,Chris Osten,RSSR,6-9,215,Northern Illinois,IUPUI
2.0,C,Osun Osunniyi,SR,-10,218,St. Bonaventure,Iowa State
2.0,PF,Frazier Ott,SO,6-8,199,Lindenwood,Millikin University
2.0,PG,"Bryon Ottrix, Jr.",RS FR,6-0,160,Detroit Mercy,Slippery Rock
2.0,SF,Chaz Owens,SO,6-5,200,Syracuse,Ranger College
2.0,SF,Kyle Owens,RS SO,6-8,205,Montana,UC Riverside
2.0,PF,Kylon Owens,SO,6-9,235,Tarleton State,Angelo State
2.0,PG,L.J. Owens,SR,6-3,165,UMBC,Delaware
2.0,PG,Darian Owens-White,RSSR,6-1,165,Wayne State (MI),Ball State
2.0,SG,Dylan O'Hearn,RS JR,6-4,195,NJIT,Jacksonville
4.0,PG,Nijel Pack,RS FR,6-0,180,Kansas State,Miami
2.0,PG,Emmette Page,SR,6-1,186,Evansville,Lincoln (MO)
2.0,SF,Jay Pal,RS SO,6-9,190,Jacksonville State,Campbell
2.0,PG,Bubba Parham,RSSR,-11,165,Georgia Tech,Samford
2.0,PG,Cameron Parker,RS JR,6-2,170,Montana,Portland State
3.0,C,Arashma Parks,RS JR,6-9,235,Temple,Detroit Mercy
2.0,SG,Elijah Parquet,SR,6-4,195,Colorado,UNLV
2.0,SG,Daniel Parrish,RS JR,6-4,185,Florida International,USC Aiken
2.0,SF,Micah Parrish,RS FR,6-6,200,Oakland,San Diego State
2.0,PG,Garrett Pascoe,RS JR,6-3,195,Boston University,Cal State East Bay
2.0,SG,Sarju Patel,RSSR,6-3,173,Cornell,Albany
2.0,SG,Austin Patterson,RS FR,6-3,185,Wofford,Sacramento State
2.0,PG,Lu'Cye Patterson,RS FR,6-2,210,Missouri State,Charlotte
2.0,PG,Lance-Amir Paul,RS JR,6-0,185,Gannon,Nicholls
2.0,PF,Panayiotis Pavlidis,SR,6-8,190,Molloy,Hartford
4.0,PF,Omar Payne,RS SO,-10,240,Illinois,Jacksonville
2.0,SG,Paxton Payne,RS FR,6-2,190,Kansas City,Cleveland State
2.0,SF,Zan Payne,RS JR,6-5,230,Kentucky,Louisville
3.0,C,Tamell Pearson,SR,-10,223,Western Illinois,Appalachian State
2.0,PG,Jack Pease,FR,-11,165,Colorado,Colorado Christian
2.0,SF,Bernard Pelote,RS FR,6-8,205,Catawba,Western Carolina
2.0,SF,"C.J. Penha, Jr.",RS JR,6-7,220,Trevecca Nazarene,Boston College
3.0,PG,Dominiq Penn,RS FR,6-2,170,Washington,Seattle
2.0,PG,Dylan Penn,SR,6-3,195,Bellarmine,Vermont
2.0,SF,Eral Penn,RSSR,6-7,185,LIU,DePaul
2.0,C,"Philip Pepple, Jr.",SR,-10,230,Idaho,Clayton State
2.0,SG,Marcelo Perez,SR,6-5,200,Barry,Southern Miss
2.0,SG,Rob Perry,RS SO,6-4,210,Stetson,Murray State
2.0,PG,Ty Perry,SR,6-2,175,Lafayette,Tennessee Tech
2.0,PG,Tyrone Perry,SR,6-3,210,Buffalo,New Haven
2.0,PG,Quimari Peterson,FR,6-1,175,Indiana State,John A. Logan College
2.0,PF,Joe Petrakis,RS JR,-10,224,Western Carolina,Illinois State
2.0,PG,Justus Peuser,FR,6-1,-,Kansas City,Cape Breton University
2.0,SG,Nelson Phillips,RS JR,6-3,190,Georgia State,Troy
3.3,PG,Rob Phinisee,SR,6-1,187,Indiana,Cincinnati
3.3,SG,Javon Pickett,RS JR,6-5,215,Missouri,Saint Louis
2.0,SG,"Jaron Pierre, Jr.",RS FR,6-5,188,Southern Miss,Wichita State
3.0,PG,Xavier Pinson,RS JR,6-2,165,LSU,New Mexico State
2.0,PF,Joe Pleasant,RS JR,6-7,220,Wichita State,Abilene Christian
2.0,PF,Ismael Plet,RS FR,6-8,230,Oral Roberts,Arkansas–Pine Bluff
4.0,SG,Brandin Podziemski,RS FR,6-5,205,Illinois,Santa Clara
2.0,SG,Malachi Poindexter,RS FR,6-2,190,Virginia,Illinois State
2.0,C,Stavros Polatoglou,SO,-11,220,Northwestern State,Rochester University
2.0,PF,Aundre Polk,SO,-10,210,Central Michigan,Garden City Community College
2.0,PG,Max Polk,FR,6-2,175,Purdue Fort Wayne,Iowa Western Community College
2.0,SG,Keishon Porter,RS FR,6-4,190,Radford,Cape Fear Community College
2.0,C,Mylyjael Poteat,RS FR,6-9,265,Rice,Virginia Tech
2.0,SG,Skyelar Potter,RS JR,6-3,198,Morehead State,Jacksonville State
2.0,C,Calvin Poulina,RS JR,6-8,240,Bethune–Cookman,Pittsburg State
4.0,PG,Justin Powell,RS FR,6-6,197,Tennessee,Washington State
3.0,SF,Tyler Powell,RS FR,6-5,220,Seton Hall,Nevada
2.0,SG,Jordan Preaster,JR,6-6,200,North Florida,Limestone
3.0,SG,Marvin Price,RS SO,6-5,230,Western Carolina,West Alabama
2.0,PG,George Pridgett,FR,-10,153,Jacksonville,Polk State College
2.0,PF,Quay Primas,FR,6-6,220,Mercer,Columbia State Community College
2.0,PG,K.J. Pruitt,FR,6-4,203,IUPUI,Trinity Valley Community College
2.0,SG,Kasean Pryor,SO,6-9,200,Boise State,Northwest Florida State College
2.0,PG,Nate Pryor,RSSR,6-3,175,New Mexico State,Eastern Oregon University
2.0,PG,Jaylon Pugh,SR,6-0,170,Furman,Lander
2.0,PG,Kentrell Pullian,RS FR,6-0,190,Eastern New Mexico,Milwaukee
2.0,SG,Jaka Prevodnik,FR,6-5,205,Hawaii,South Dakota School of Mines
2.0,SF,Mayson Quartlebaum,SO,6-6,230,Kennesaw State,Missouri–St. Louis
2.0,SG,Dane Quest,JR,6-6,190,Tennessee Tech,Western New Mexico
2.0,C,Neal Quinn,RS SO,7-0,250,Lafayette,Richmond
2.0,SG,Joe Quintana,RSSR,6-2,175,Loyola Marymount,California Baptist
2.0,PF,Jacob Radaker,RS FR,6-9,225,Chattanooga,Alabama–Huntsville
2.0,PF,Victor Radocaj,SO,6-9,220,Eastern Washington,Simon Fraser
2.0,SG,Kailen Rains,SO,6-6,195,Cal State Northridge,College of the Sequoias
4.3,PG,Courtney Ramey,RS JR,6-3,185,Texas,Arizona
2.0,PF,Ahmad Rand,RSSR,6-8,195,Oregon State,Milwaukee
2.0,SG,Ryan Rapp,JR,6-5,189,Washington State,Hawaii
2.0,PG,Kaden Rasheed,SR,6-1,185,UC San Diego,Cal State Los Angeles
2.0,PG,Jordan Ratliffe,RSSR,-10,189,UNC Pembroke,Milwaukee
2.0,SF,Caleb Rawls,FR,6-7,195,McNeese,Pearl River Community College
4.0,PG,Jordan Rawls,RS SO,6-2,185,Georgia State,Western Kentucky
2.0,SG,Christian Ray,RS SO,6-6,210,La Salle,Delaware
2.0,SF,Reggie Raynor,RS FR,6-6,197,UNCG,Brunswick Community College
2.0,SF,Muon Reath,RS FR,6-8,185,San Diego,South Plains College
2.0,SF,Dakota Reber,SO,6-6,185,Incarnate Word,Lower Columbia College
2.0,PF,Joe Reece,RS JR,6-8,200,Bowling Green,Duquesne
2.0,PG,"Eric Reed, Jr.",SR,6-1,195,Southeast Missouri State,Mississippi State
3.0,SG,Antonio Reeves,RS SO,6-5,205,Illinois State,Kentucky
2.0,PG,Romar Reid,JR,6-2,182,Manhattan,Saint Michael's
5.0,C,Efton Reid III,RS FR,7-0,240,LSU,Gonzaga
2.0,C,Jasper Reinalda,FR,7-3,285,Montana State,South Dakota School of Mines
3.0,SF,Alexis Reyes,RS FR,6-7,195,East Carolina,Quinnipiac
2.0,PG,Juan Reyna,RS FR,6-3,185,Alabama State,Campbell
2.0,C,Jamille Reynolds,RS FR,-11,280,UCF,Temple
2.0,PF,Malachi Rhodes,RS SO,6-8,240,Bucknell,McNeese
2.0,PG,Xavier Rhodes,SR,6-1,170,Florida Southern,Northern Kentucky
2.0,SG,Sir'Jabari Rice,RSSR,6-4,180,New Mexico State,Texas
2.0,SG,Will Richard,RS FR,6-4,206,Belmont,Florida
2.0,C,Makai Richards,RS FR,-10,225,Eastern Washington,Pacific
2.0,PF,Jameson Richardson,RS FR,6-8,250,Abilene Christian,Southeastern Oklahoma State
2.0,SF,Dalen Ridgnal,RS SO,6-7,215,Georgia,Missouri State
2.0,SG,London Riley,SO,6-3,175,Alabama A&M,Georgia Highlands College
2.0,PF,Shaun Riley,FR,6-6,195,Northwestern State,Northeastern Junior College
2.0,SG,Jincho Rivera,FR,6-5,195,Chicago State,College of the Sequoias
2.0,SF,Demetrius Rives,RS FR,6-4,202,Kennesaw State,Cowley College
2.0,SG,Anthony Roberts,RS SO,6-4,210,St. Cloud State,Purdue Fort Wayne
3.7,PG,C.J. Roberts,RSSR,6-1,190,Lamar,Texas A&M–Commerce
2.0,PG,Demetre Roberts,SR,5-8,162,St. Thomas Aquinas,Fairleigh Dickinson
2.0,SF,D'Rell Roberts,RSSR,6-7,190,Prairie View A&M,Arkansas Tech
2.0,PF,Spencer Roberts,RS JR,6-9,245,Northern Arizona,University of Calgary
2.0,PG,Terry Roberts,RS SO,6-3,180,Bradley,Georgia
2.0,PG,Tyrell Roberts,RSSR,-11,175,Washington State,San Francisco
2.0,SG,Caleb Robinson,RS FR,6-5,200,Catawba,Gardner–Webb
2.0,PG,Chase Robinson,RS SO,6-1,206,UIS,Cleveland State
4.0,SG,Jaxson Robinson,RS FR,6-7,193,Arkansas,Brigham Young
4.0,PG,Khalen Robinson,RS FR,6-0,180,Arkansas,Texas A&M
3.0,PF,Robby Robinson,RSSR,6-8,240,New Orleans,Cal State San Bernardino
3.5,PF,Shon Robinson,RS SO,6-9,205,San José State,Austin Peay
2.0,SG,Pat Robinson III,SR,6-3,195,West Liberty,College of Charleston
2.0,SG,Jason Roche,RS FR,6-5,180,The Citadel,Richmond
3.0,SG,Justin Rochelin,RS FR,6-5,190,Arizona State,Oregon State
2.0,SG,Luis Rodriguez,RS JR,6-6,210,Ole Miss,UNLV
2.0,SG,Colby Rogers,RS SO,6-4,188,Siena,Wichita State
2.0,PF,James Rojas,RSSR,6-6,223,Alabama,Wichita State
2.0,PG,"Yaakema Rose, Jr.",RSSR,5-9,180,Missouri–St. Louis,Eastern Illinois
2.0,PF,Jalen Rosemond,SR,6-8,210,St. John's,Molloy
2.0,PG,Alec Rosner,SR,6-2,195,Winona State,Western Illinois
2.0,SF,Kyle Ross,FR,6-7,210,Milwaukee,Thomas More
2.0,PF,Pedro Rossi,FR,6-8,215,St. Bonaventure,Minnesota–Crookston
2.0,PG,Casson Rouse,RS JR,6-2,180,Eastern Washington,Seattle Pacific
2.0,C,Lewis Rowe,SO,-10,260,VMI,New Mexico Junior College
2.0,PF,Niko Rocak,RS FR,6-9,220,UC Santa Barbara,UC Davis
2.0,PF,Toni Rocak,SR,6-9,220,UC San Diego,San Francisco
2.0,PF,Hunter Ruck,SO,6-9,235,UC Irvine,Biola
2.0,SG,Marlon Ruffin,SR,6-5,195,Portland State,Cal Poly Humboldt
2.0,PF,Clarence Rupert,RS FR,6-8,245,Saint Peter's,Southern Illinois
2.0,SG,Brandon Rush,RS SO,6-3,175,Fairleigh Dickinson,Youngstown State
2.0,SF,Coreyoun Rushin,SR,6-6,198,Chicago State,Tarleton State
2.0,SG,Nygal Russell,SR,6-4,210,Southeast Missouri State,Towson
2.0,PF,Nikkei Rutty,SR,6-8,235,Monmouth,Prairie View A&M
2.0,PF,Dmitry Ryuny,SR,6-9,220,San Francisco,Oregon State
2.0,PG,Jayden Saddler,RS JR,6-1,195,Southern,Saint Peter's
2.0,SG,Morgan Safford,RS SO,6-5,210,Wofford,Miami (OH)
2.0,PG,Joryam Saizonou,RS FR,6-3,188,St. Bonaventure,UNCG
2.0,SF,Lucas Saleh,JR,6-7,210,Buffalo,Belmont Abbey
2.0,SF,Khadim Samb,RS JR,6-7,200,UNCW,Fort Valley State
4.0,C,Kevin Samuel,RSSR,7-0,260,Florida Gulf Coast,South Alabama
2.5,PG,Taurus Samuels,SR,6-1,190,Dartmouth,Minnesota
2.0,PG,Jeremy Sanchez,RS SO,6-0,180,Cleveland State,Saint Leo
2.0,SG,Colton Sandage,RS JR,6-2,190,Western Illinois,Illinois State
2.0,SF,Preston Santos,JR,6-7,190,Massachusetts,Southern New Hampshire
2.0,SG,Jorell Saterfield,RS SO,6-4,190,UTEP,Portland State
2.0,SG,Keshaun Saunders,RS JR,6-5,190,Toledo,Portland State
4.0,PG,"Mike Saunders, Jr.",RS FR,6-0,184,Cincinnati,Utah
2.0,SG,Devon Savage,RS FR,6-4,190,James Madison,Merrimack
2.0,PG,Michael Savarino,RS SO,6-0,182,Duke,New York University
2.0,C,Te'Jon Sawyer,SO,6-8,255,California Baptist,Cal State San Bernardino
2.0,SG,Baylor Scheierman,RS SO,6-7,201,South Dakota State,Creighton
2.0,PG,Micah Schnyders,RS FR,6-4,185,Eastern Illinois,Wheaton College
2.0,PG,Alex Schumacher,RS SO,6-3,185,Saint Martin's,Seattle
2.0,PG,Jalen Scott,RS FR,6-2,180,Colorado State,South Plains College
2.0,PF,Jevonnie Scott,JR,6-7,252,Penn State,Brock University
2.0,SG,Noel Scott,SO,6-3,190,Austin Peay,East Los Angeles College
2.0,SG,Tyreek Scott-Grayson,RSSR,6-5,175,Northeastern,Old Dominion
2.0,PG,Jordan Sears,RS FR,-11,175,Gardner–Webb,UT Martin
4.0,PG,Mark Sears,RS FR,6-1,185,Ohio,Alabama
2.0,SG,Azariah Seay,SR,6-4,195,IUPUI,Texas–Permian Basin
3.5,SF,Jaylen Sebree,SR,6-7,200,Morehead State,Tennessee Tech
2.0,PF,Theo Seng,RS FR,6-9,205,Sacramento State,Eastern Arizona College
2.0,PG,Sam Sessoms,SR,6-0,189,Penn State,Coppin State
2.0,PF,Sloan Seymour,RS JR,6-9,225,New Hampshire,Saint Rose
3.0,PF,Nigel Shadd,RSSR,6-9,260,Pacific,Delaware
4.0,SG,"Terrence Shannon, Jr.",RS SO,6-6,215,Texas Tech,Illinois
2.0,SG,Demarcus Sharp,RS JR,6-3,173,Missouri State,Northwestern State
4.0,PG,Grant Sherfield,RS SO,6-2,201,Nevada,Oklahoma
2.0,SG,David Shriver,RS JR,6-6,220,Hartford,VCU
2.0,SG,Tanner Shulman,RS SO,6-5,200,Lipscomb,Alabama–Huntsville
2.0,SF,Payton Shumpert,FR,6-7,205,Stony Brook,Daemen
2.0,SG,Preston Shumpert,FR,6-4,205,Stony Brook,Daemen
3.0,SG,Desi Sills,SR,6-2,200,Arkansas State,Kansas State
2.0,C,Matheus Silveira,RS JR,7-0,255,Portland,Rollins
2.0,PG,Marty Silvera,SO,6-0,190,Saint Peter's,Southern Connecticut State
2.0,SG,Omar Silverio,SR,6-3,200,Hofstra,Manhattan
2.0,PG,B.J. Simmons,RS JR,6-2,195,Texas–Rio Grande Valley,Wayland Baptist University
2.0,SF,Tafari Simms,RS JR,6-6,212,Milwaukee,Western Michigan
2.0,SF,Seybian Sims,SR,6-7,205,Northern Kentucky,Arkansas Tech
2.0,SG,Jasin Sinani,RS FR,6-3,195,Milwaukee,Campbell
2.0,PG,Grant Singleton,SR,6-0,165,St. Thomas Aquinas,Fairleigh Dickinson
2.0,SG,Saquan Singleton,RSSR,6-6,190,New Mexico,George Mason
2.0,PF,Blake Sisley,RS FR,6-9,230,Evansville,Wright State
2.0,C,Cheickna Sissoko,RS SO,6-9,230,Academy of Art,Gardner–Webb
3.0,C,Moulaye Sissoko,RS SO,6-9,240,Dayton,North Texas
2.0,SG,Jackson Sivills,RS FR,6-6,207,Murray State,Wofford
3.0,C,David Skogman,RS SO,-10,228,Buffalo,Davidson
3.0,SG,Wes Slajchert,SR,6-4,190,Dartmouth,Point Loma Nazarene
3.0,SG,Grant Slatten,RS FR,6-5,195,Ole Miss,Tennessee Tech
2.0,SG,Tahj Small,SR,6-5,195,Tarleton State,Utah Valley
2.0,SG,Jordan Smalls,RS FR,6-7,185,Rider,Polk State College
3.0,PG,Aquan Smart,RS FR,6-3,175,Florida International,Southeast Missouri State
2.0,SG,DaQuan Smith,RS JR,6-1,195,Murray State,Radford
2.0,SG,Jabiri Smith,RS FR,6-5,205,Alabama A&M,Wallace State Community College
2.0,SF,Jamari Smith,RS JR,6-8,225,Queens (NC),Murray State
2.0,PF,Jonnivius Smith,RS FR,6-9,200,Seton Hall,Buffalo
2.0,SF,Jourdan Smith,RS SO,6-7,195,Coastal Carolina,Grambling State
2.0,SG,Justice Smith,RS SO,6-6,205,Mansfield,ETSU
2.0,SG,Malachi Smith,RS JR,6-4,205,Chattanooga,Gonzaga
2.0,SF,Matt Smith,RS SO,6-6,225,Murray State,Thomas More
2.0,SG,Stevie Smith,JR,6-6,200,Abilene Christian,Newman
2.0,SG,Trey Smith,RS JR,6-3,195,San José State,Idaho
2.0,SF,Calvin Solomon,RS SO,6-7,194,Stephen F. Austin,UTEP
2.0,SG,Raheem Solomon,SR,6-3,185,Niagara,Sacred Heart
2.0,C,Raymond Somerville,RS SO,-11,230,Cal State Bakersfield,Delaware State
2.0,C,Pierre Sow,RSSR,7-0,215,Virginia State,Hartford
2.0,PG, 'Primo' Spears,RS FR,6-3,185,Duquesne,Georgetown
2.0,PG,Isaac Spears,RS FR,6-4,170,Montana State,Cal Poly
2.0,PG,Jalen Speer,RS FR,6-1,172,Florida A&M,Santa Fe College
2.0,SG,Cam Spencer,RS SO,6-4,207,Loyola (MD),Rutgers
2.0,C,Owen Spencer,RS FR,6-9,215,The Citadel,Ohio State
2.0,SF,Landis Spivey,SR,6-5,170,Cal State Fullerton,Central Washington
2.0,C,Nathan Springs,RS JR,-10,215,Kennesaw State,Winston-Salem State
2.0,PF,"John Square, Jr.",RS FR,6-6,195,Fairleigh Dickinson,Cal State Fullerton
2.5,C,Joey St. Pierre,RSSR,-10,255,Milwaukee,Portland
2.0,SG,Isaiah Stafford,FR,6-2,172,Southern Indiana,John A. Logan College
2.0,SF,Ben Stanley,RSSR,6-6,235,Xavier,Old Dominion
2.0,PG,Artese Stapleton,JR,6-2,170,Radford,Lincoln (MO)
2.0,C,Jake Stephens,SR,7-0,275,VMI,Chattanooga
2.0,PG,Ben Sternberg,RSSR,6-0,165,Cleveland State,Missouri
2.0,PF,Vuk Stevanic,SR,6-8,225,St. Francis Brooklyn,Western Illinois
3.0,SG,Erik Stevenson,SR,6-4,205,South Carolina,West Virginia
2.0,PF,Tyler Stevenson,SR,6-8,215,Southern Miss,UIC
3.5,PG,Parker Stewart,RSSR,6-5,205,Indiana,UT Martin
2.0,SG,Lucas Stieber,RS SO,6-3,185,Green Bay,Gardner–Webb
2.0,PG,Jaylen Stinson,RS FR,6-0,170,James Madison,Merrimack
2.0,PF,Nathaniel Stokes,JR,6-8,210,Coppin State,Saint Martin's
3.0,C,Brandon Stone,RS SO,-11,200,Robert Morris,Delaware State
4.0,SG,Jayden Stone,RS FR,6-4,195,GCU,Detroit Mercy
2.0,SG,Thatcher Stone,RS SO,6-6,200,William & Mary,Stonehill
2.0,SG,"Kenny Strawbridge, Jr.",RS JR,6-6,202,Alabama State,Evansville
2.0,PF,A.J. Stredic,RS SO,6-8,215,Arkansas–Pine Bluff,Mississippi Valley State
2.0,SG,Markhi Strickland,SO,6-5,210,Saint Louis,Victoria College
3.0,PG,Tai Strickland,RS JR,6-2,180,Temple,Georgia Southern
2.0,SG,Josiah Strong,RS JR,6-4,195,Illinois State,Colorado State
3.0,SG,Deon Stroud,RS JR,6-5,200,Fresno State,Eastern Washington
2.0,SF,Brandon Suggs,RS SO,6-6,185,East Carolina,UCF
2.0,PG,Raheim Sullivan,RS JR,6-1,175,Marist,NJIT
2.0,SG,Christian Sutton,SR,6-3,193,American,Coppin State
2.0,SF,Matija Svetozarevic,RS FR,6-8,215,Portland,Hawaii
2.0,PF,Amadou Sylla,RS JR,-10,225,Tennessee Tech,UNC Asheville
2.0,C,Mohamed Sylla,RS SO,-11,240,Detroit Mercy,Boise State
2.0,SF,Sekou Sylla,SR,6-5,220,Nova Southeastern,Towson
4.0,PG,Noah Taitz,RS FR,6-3,185,Stanford,Loyola Marymount
3.0,C,Handje Tamba,RS FR,-11,230,Tennessee,Weber State
2.0,SG,Pablo Tamba,FR,6-7,200,Idaho State,Indian River State College
2.0,PG,Elijah Tate,SO,6-3,185,UAB,South Plains College
2.0,SG,"Micheal Tate, Jr.",RSSR,6-4,195,Jackson State,Frostburg State
2.0,PG,Jevon Tatum,SO,6-1,-,Alabama A&M,Pearl River Community College
3.0,PF,Elijah Taylor,RS FR,6-8,240,Notre Dame,Quinnipiac
4.0,SF,Josh Taylor,RS FR,6-9,215,Georgia,ETSU
2.0,PF,RayQuan Taylor,FR,6-9,195,Texas–Rio Grande Valley,Tallahassee Community College
2.0,SG,Emmit Taylor III,SR,6-5,195,Idaho State,Eastern Oregon University
4.0,PF,Alex Tchikou,RS FR,-11,230,Alabama,Rhode Island
2.0,PG,Blondeau Tchoukuiegno,RS SO,6-2,185,New Hampshire,California Baptist
2.0,PG,Carvell Teasett,RS FR,6-1,180,Northwestern State,Appalachian State
2.0,PF,Luka Tekavcic,RS FR,-11,200,Oral Roberts,Coppin State
2.0,SG,John Tenerowicz,SR,6-4,195,Ohio,Tiffin
2.0,PG,Demetrius Terry,SO,6-0,175,Cleveland State,Lamar Community College
2.0,PG,Lance Terry,RS SO,6-2,180,Gardner–Webb,Georgia Tech
2.0,PG,J.C. Tharrington,JR,6-1,180,UNCG,Converse
2.0,PG,Abdoulaye Thiam,RS FR,6-3,180,Minnesota,High Point
2.0,C,Lahat Thioune,RS JR,-10,225,Utah,UCF
2.0,SF,Adam Thistlewood,SR,6-8,225,Colorado State,Colorado School of Mines
2.0,C,DeShawn Thomas,RSSR,-10,250,Coastal Carolina,USC Aiken
2.0,PF,Dischon Thomas,RS SO,6-9,235,Colorado State,Montana
2.0,C,Jalen Thomas,RS SO,-10,230,Georgia State,Butler
2.0,SG,Jaylan Thomas,JR,6-8,185,Arkansas–Pine Bluff,Cameron
2.0,SG,Kalil Thomas,RS SO,6-5,190,UMass Lowell,Morehead State
2.0,PG,Micah Thomas,RS FR,6-0,175,Indiana State,Nicholls
2.0,SF,Miryne Thomas,RSSR,6-8,215,Ball State,Kent State
2.0,PF,Stacey Thomas,SR,6-8,225,Louisiana Tech,Louisiana State University in Shreveport
2.0,PG,Terryonte Thomas,SR,6-4,205,Sam Houston State,Mississippi University for Women
2.0,SG,Tyler Thomas,RS SO,6-3,200,Sacred Heart,Hofstra
2.0,SF,Chase Thompson,SO,6-6,230,Southeast Missouri State,Florida Tech
3.0,PF,Gianni Thompson,RS FR,6-8,205,Boston College,Massachusetts
4.0,PG,Isaiah Thompson,RS SO,6-1,160,Purdue,Florida Gulf Coast
2.0,PG,Messiah Thompson,RS SO,5-8,165,Campbell,Alabama A&M
2.0,C,Sam Thompson,FR,-10,250,Southeast Missouri State,Missouri Southern
3.0,SF,Taj Thweatt,SO,6-9,225,Coastal Carolina,Temple
3.0,SF,Taj Thweatt,SO,6-9,225,West Virginia,Coastal Carolina
4.0,SG,Earl Timberlake,SO,6-6,220,Memphis,Bryant
2.0,SF,George Tinsley,RS SO,6-6,210,Binghamton,Mount St. Mary's
2.0,PG,DeAnthony Tipler,SR,-10,175,Coastal Carolina,ETSU
3.0,SG,Taryn Todd,RS SO,6-5,180,New Mexico,Northwest Florida State College
2.0,PF,Sage Tolbert III,SR,6-8,210,Temple,San José State
2.0,PG,Miguel Tomley,RS SO,6-3,190,Santa Clara,Idaho State
4.0,PG,Joe Toussaint,RS SO,6-0,190,Iowa,West Virginia
2.0,PG,Tanguy Touze,FR,6-3,180,Jacksonville State,Bethel University
2.0,PF,Sam Towns,RS FR,6-9,200,Ohio,Bowling Green
2.0,SG,Malcolm Townsel,SR,6-5,205,Holy Cross,Roosevelt University
3.0,SF,Jadrian Tracey,SO,6-5,205,Saint Joseph's,Florida SouthWestern State College
2.0,PG,Darrion Trammell,RS SO,-10,175,Seattle,San Diego State
2.0,PF,Lassina Traore,RS FR,-10,215,Saint Louis,Long Beach State
2.0,SF,Trayton Trice,FR,6-6,250,Lindenwood,Wabash Valley College
3.0,SG,"Bryan Trimble, Jr.",RSSR,6-3,205,Akron,Missouri State
2.0,PG,Jade Tse,RS SO,6-1,185,Houston Christian,Holy Cross
2.0,C,Emmanuel Tshimanga,RS SO,7-0,270,UC Irvine,UC San Diego
3.0,SG,Marcus Tsohonis,RS SO,6-3,190,VCU,Long Beach State
2.0,PG,Brenden Tucker,RS SO,6-3,105,College of Charleston,Georgia State
2.0,PF,Dearon Tucker,RS SO,-10,240,Indiana State,Cal State Northridge
2.0,SG,Jovan Tucker,SO,6-3,175,Mercer,Central Georgia Technical College
2.0,PF,Isaiah Turner,RS SO,6-9,240,Middle Tennessee,South Carolina State
2.0,PG,Keaton Turner,SO,6-1,170,Wofford,Charleston
2.0,SF,Luke Turner,RS FR,6-7,195,Wofford,UC Riverside
2.0,PG,Carson Tuttle,RS JR,-11,170,Texas A&M–Commerce,St. Edward's
2.0,PG,Kellen Tynes,RS FR,6-3,175,Montana State,Maine
4.0,SG,Jaylon Tyson,RS FR,6-6,210,Texas,Texas Tech
3.0,PF,Morris Udeze,SR,6-8,245,Wichita State,New Mexico
2.0,PF,Robert Vaihola,RS FR,6-8,245,Fresno State,San José State
2.0,C,Justin Vander Baan,RS FR,7-0,240,Boston College,Lafayette
2.0,PF,Ben Vander Plas,RSSR,6-8,236,Ohio,Virginia
3.3,C,Connor Vanover,RS JR,7-5,227,Arkansas,Oral Roberts
2.0,PG,Gabriel Vargas,FR,6-0,180,Arkansas–Pine Bluff,Chipola College
2.0,SG,Alex Vargo,SO,6-5,210,Youngstown State,Seminole State College
2.0,PF,Luka Vasic,RSSR,6-8,205,Charlotte,Texas A&M–Commerce
2.0,C,Chad Venning,RS FR,-10,280,Morgan State,St. Bonaventure
2.5,PF,Tydus Verhoeven,RSSR,6-9,235,UTEP,Northwestern
2.0,SG,"Steven Verplancken, Jr.",RS SO,6-4,205,Southern Illinois,Weber State
2.0,C,Zachary Visentin,SO,6-9,260,Idaho State,Snow College
2.0,PG,Alejandro Vasquez,RS SO,6-3,200,Tarleton State,Salt Lake Community College
2.0,SF,Garrison Wade,SR,6-6,210,Dartmouth,Cal State Fullerton
2.0,SG,Ryan Wade,RS SO,6-2,185,Central Michigan,Green Bay
2.0,PG,Trevin Wade,RS JR,-11,166,Eastern Kentucky,Alcorn State
2.0,PG,Jackson Waggoner,FR,6-1,-,Northwestern State,University of Dallas
4.0,C,Qudus Wahab,RS SO,-11,245,Maryland,Georgetown
2.0,SG,Brock Wakefield,FR,6-3,180,The Citadel,Drury
2.0,SF,Antwan Walker,RSSR,6-8,230,Rhode Island,Bryant
2.0,SF,Dibaji Walker,SR,6-9,200,Massachusetts,Appalachian State
2.0,SG,Jaden Walker,RS FR,6-5,200,Iowa State,East Carolina
2.0,PG,Jarvis Walker,SO,6-3,195,Purdue Fort Wayne,Indianapolis
2.0,PF,Joshua Walker,SO,6-8,230,Radford,West Chester
2.0,PG,Rondel Walker,RS FR,6-5,185,Oklahoma State,TCU
2.0,PF,Shaun Walker,RS FR,6-8,280,McNeese,Alcorn State
2.0,PF,Joe Wall,RS JR,6-7,223,Seattle,Cal State Monterey Bay
3.0,SF,Kerwin Walton,RS FR,6-5,200,North Carolina,Texas Tech
2.0,SG,Derrius Ward,SO,6-6,185,La Salle,Harcum College
2.0,PF,Hason Ward,RS SO,6-9,215,VCU,Iowa State
2.0,PG,Collin Warren,RS SO,6-4,200,McNeese,Northwest Florida State College
3.0,SG,Bryce Washington,SR,6-4,187,Penn,Hofstra
2.0,SG,Emon Washington,RS FR,6-5,190,Illinois State,Morehouse
3.0,PF,Warren Washington,RS JR,7-0,225,Nevada,Arizona State
2.0,SG,Noah Waterman,RS SO,-11,210,Detroit Mercy,Brigham Young
2.0,PG,Mikey Watkins,SR,-11,175,Merrimack,UMass Lowell
2.0,PF,Jatayveous Watson,JR,6-8,232,USC Upstate,Johnson C. Smith
2.0,PF,Wyatt Watson,RS JR,6-9,210,Portland,Western Washington
2.0,SF,Ibrahim Wattara,FR,6-5,215,Fairleigh Dickinson,Miami Dade College
4.0,PG,Rocket Watts,RS SO,6-2,185,Mississippi State,Oakland
2.0,SG,"Erwin Weary, Jr.",RS JR,6-5,200,Western Washington,Central Michigan
4.0,PG,Elijah Weaver,RS JR,6-5,206,Dayton,Chicago State
2.0,SG,Jalen Weaver,FR,6-4,185,Nevada,Salt Lake Community College
3.0,SG,Dom Welch,SR,6-5,205,St. Bonaventure,Alabama
2.0,SF,Keyon Wesley,RSSR,6-9,176,Arkansas State,Alabama State
2.0,PG,Trajan Wesley,SR,5-9,165,Louisiana,Prairie View A&M
2.0,SF,Jamal West,SO,6-5,224,South Alabama,Clarendon College
2.0,PG,Mikey West,SO,6-0,175,Bethune–Cookman,Coastal Alabama Community College Monroeville
4.0,SG,Brandon Weston,RS FR,6-5,200,Seton Hall,Rhode Island
2.0,PG,Dalvin White,SR,-10,162,USC Upstate,Chattanooga
2.0,SG,Emmanuel White,SR,6-5,178,UTEP,Western New Mexico
2.0,PG,Myja White,RS JR,6-1,185,Miami (OH),UT Tyler
2.0,SG,Owen White,SR,6-6,215,Michigan Tech,South Alabama
2.0,SF,"Kenny White, Jr.",RS FR,6-7,220,Tennessee Tech,Murray State
4.0,PG,Carter Whitt,RS FR,6-3,180,Wake Forest,Furman
2.0,PG,Skylar Wicks,RS FR,6-5,186,Missouri State,State College of Florida
2.0,C,Simon Wilbar,RS SO,-11,235,Indiana State,Holy Cross
2.0,PF,Jordan Wildy,FR,6-9,200,Iona,Coffeyville Community College
2.0,SG,Austin Williams,RSSR,6-4,200,Hartford,Florida International
2.0,PG,Blayton Williams,SR,6-3,175,Green Bay,Mississippi College
2.0,SG,D'maurian Williams,RS FR,6-3,200,Gardner–Webb,Texas Tech
3.0,SF,Demari Williams,RS FR,6-6,217,Arizona State,Oral Roberts
2.0,PG,Desmond Williams,RS SO,6-1,180,Troy,UT Martin
4.0,SG,Donovan Williams,RS FR,6-5,200,Oklahoma State,Pacific
2.0,SF,Elijah Williams,RS FR,6-5,205,Illinois State,Lewis
2.0,SG,Jamir Williams,JR,6-5,170,Florida A&M,Auburn–Montgomery
2.0,SF,Jaron Williams,SR,6-6,210,Robert Morris,Barry
2.0,SG,Jelani Williams,RSSR,6-5,200,Penn,Howard
3.0,SG,Jeremiah Williams,RS FR,6-4,177,Temple,Iowa State
2.0,SG,John Williams,RSSR,6-4,190,Glenville State,Florida International
2.0,C,K.J. Williams,RS JR,-10,250,Murray State,LSU
2.0,PG,Marcus Williams,RS FR,6-2,197,Texas A&M,San Francisco
4.0,PG,Noah Williams,RS SO,6-5,195,Washington State,Washington
2.0,PG,Rashad Williams,RS JR,6-2,185,Saint Louis,Arkansas–Pine Bluff
3.0,SF,Rashun Williams,SR,6-7,220,Radford,UT Tyler
2.0,PG,Ross Williams,SR,-10,162,Colorado Christian,Texas A&M–Corpus Christi
2.0,PG,Rudi Williams,RS JR,6-2,190,Coastal Carolina,Brigham Young
2.0,PG,Shaun Williams,RS JR,6-4,190,Cal State Bakersfield,UIC
4.0,SG,Tre' Williams,RS SO,6-6,200,Oregon State,Tulane
2.0,PF,Warren Williams,RSSR,6-9,247,Manhattan,Hofstra
2.0,SF,"Eric Williams, Jr.",RSSR,6-7,195,Oregon,San Diego
5.0,SF,Samuell Williamson,RS SO,6-7,210,Louisville,SMU
2.0,C,Yarden Willis,SR,7-0,255,Binghamton,Tampa
2.0,C,Jordan Wilmore,RS FR,7-3,300,Missouri,Northwestern State
2.0,PG,Isaiah Wilson,RS FR,6-1,170,Richmond,Winthrop
2.0,SF,Jeameril Wilson,SR,6-7,200,Lehigh,Loyola Chicago
3.0,PG,Mylik Wilson,RS SO,6-2,170,Texas Tech,Houston
2.0,SF,Skylar Wilson,FR,6-7,180,Portland,Nebraska–Kearney
2.0,PG,Khaleb Wilson-Rouse,RS SO,6-2,185,Pacific,New Orleans
2.0,SG,David Wingett,RS JR,6-7,210,South Dakota State,Peru State College
3.0,SF,Justin Winston,RS SO,6-8,220,Robert Morris,Coppin State
2.0,SF,Sai Witt,RS JR,6-8,230,Texas–Rio Grande Valley,Lincoln (MO)
4.0,C,Gabe Wiznitzer,RS FR,-11,240,Louisville,Ohio
4.0,PG,Elijah Wood,SO,6-5,175,Eastern Illinois,Colby Community College
2.0,PG,JaCobi Wood,RS FR,6-2,185,Belmont,Murray State
3.0,PF,Ta'Quan Woodley,RS FR,6-8,280,South Carolina,Massachusetts
2.0,SF,Hunter Woods,RS SO,6-6,200,Elon,Portland State
2.0,SF,Trey Woodyard,RS FR,6-6,190,Valparaiso,New Hampshire
2.0,PG,Christian Wright,RS FR,6-3,185,Georgia,Oregon State
2.0,SG,Ethan Wright,SR,6-3,190,Princeton,Colorado
2.0,PG,John-Michael Wright,RS SO,6-1,190,High Point,Oklahoma State
2.0,SG,Ricardo Wright,RS FR,6-4,185,Marist,SMU
2.0,PG,Camren Wynter,SR,6-2,190,Drexel,Penn State
2.0,SG,Cam Young,RS FR,6-7,210,Bowling Green,Saint Peter's
2.0,PG,Jackson Young,SO,6-2,190,Hawaii Pacific,SMU
2.0,PG,Jahmir Young,RS SO,6-1,185,Charlotte,Maryland
2.0,SG,Keyondre Young,FR,6-8,180,Valparaiso,Triton College
2.0,C,Kyle Young,JR,6-9,240,Siena,Flagler
3.0,C,Ryan Young,RS JR,-10,240,Northwestern,Duke
3.3,SF,Trace Young,RS JR,6-8,183,Alabama State,Jackson State
3.0,SG,Zion Young,RS JR,6-3,220,Oakland,Southern Utah
2.0,PG,Jesse Zarzuela,RS SO,6-3,180,Coppin State,Central Michigan
2.0,PF,Dima Zdor,RS JR,-10,230,GCU,Texas–Rio Grande Valley
2.0,PF,Max Zegarowski,SR,6-8,205,Franklin Pierce,Stonehill
2.0,PG,Levelle Zeigler,SR,6-1,175,Chicago State,Emporia State
2.0,PF,Thomas Zevgaras,SO,6-8,248,Incarnate Word,Newman
2.0,SG,Bogdan Zimonjic,RS FR,6-5,190,Florida Atlantic,Tennessee Tech
3.0,PF,Eric van der Heijden,RS FR,6-9,215,Ole Miss,UNCW
3.0,PG,Neftali Alvarez,RS JR,6-2,165,Mercer,Southern Miss
